_id,tagname,datatype,latestValue,unit,plcName,assetId[0],assetId[1],isActive,ranges.minValue,ranges.maxValue,health,plcMetadata.dbAddress,createdAt,updatedAt,__v,lastUpdated,source,plcMeta.dbaddress,ranges
699426acbfb07d6db09a0507,PT_I5_0,number,0.3700000047683716,Bar,PT Production_PLC,699449bbbfb07d6db09adb14,,true,0.9,1.1,true,01,2026-02-17T08:28:28.621Z,2026-08-11T10:35:19.330Z,0,2026-08-11T10:35:12.602Z,PLC,,
699426acbfb07d6db09a050a,PT_I5_1,number,0.3700000047683716,Bar,PT Production_PLC,699449bbbfb07d6db09adb14,,true,0.9,1.1,true,01,2026-02-17T08:28:28.640Z,2026-08-11T10:35:19.333Z,0,2026-08-11T10:35:12.602Z,PLC,,
699426acbfb07d6db09a050d,T001_TDC_211_ACTUAL_VALUE,null,null,Celsius,PT Production_PLC,699442ffbfb07d6db09ab184,,true,50,60,true,01,2026-02-17T08:28:28.642Z,2026-08-11T10:35:19.348Z,0,2026-08-11T10:35:12.602Z,PLC,,
699426acbfb07d6db09a0510,PT_I4_2_A,number,0.26999998092651367,Bar,PT Production_PLC,69944aecbfb07d6db09ae3c4,,true,0,0.7,true,01,2026-02-17T08:28:28.644Z,2026-08-11T10:35:19.324Z,0,2026-08-11T10:35:12.602Z,PLC,,
699426acbfb07d6db09a0516,PT_I4_4_A,number,-0.03500008583068848,Bar,PT Production_PLC,69944be7bfb07d6db09aeab8,69944c47bfb07d6db09aedbe,true,0,0.8,true,01,2026-02-17T08:28:28.647Z,2026-08-11T10:35:19.326Z,0,2026-08-11T10:35:12.602Z,PLC,,
699426acbfb07d6db09a051f,PT_I5_3,number,0.10000000149011612,Bar,PT Production_PLC,69944b6abfb07d6db09ae741,,true,2,2.4,true,01,2026-02-17T08:28:28.652Z,2026-08-11T10:35:19.339Z,0,2026-08-11T10:35:12.602Z,PLC,,
699426acbfb07d6db09a0522,PT_I5_2_A,number,-0.03999999910593033,Bar,PT Production_PLC,69944b6abfb07d6db09ae741,,true,0,0.8,true,01,2026-02-17T08:28:28.654Z,2026-08-11T10:35:19.336Z,0,2026-08-11T10:35:12.602Z,PLC,,
699426acbfb07d6db09a0525,P101_HZ_TEMP_VALUE_AnalogScaled,null,null,Celsius,PT Production_PLC,69944c9dbfb07d6db09af041,,true,80,85,true,01,2026-02-17T08:28:28.655Z,2026-08-11T10:35:19.271Z,0,2026-08-11T10:35:12.602Z,PLC,,
699426acbfb07d6db09a052b,P001_TDC_221_ACTUAL_VALUE,number,54.5,Celsius,PT Production_PLC,69944f54bfb07d6db09b01fb,,true,52,58,true,01,2026-02-17T08:28:28.658Z,2026-08-11T10:35:19.263Z,0,2026-08-11T10:35:12.602Z,PLC,,
699426acbfb07d6db09a052e,PT_I4_1,number,1.3300000429153442,Bar,PT Production_PLC,6994507abfb07d6db09b09d2,,true,1,1.4,true,01,2026-02-17T08:28:28.659Z,2026-08-11T10:35:19.320Z,0,2026-08-11T10:35:12.602Z,PLC,,
699426acbfb07d6db09a0531,PT_I4_0,number,1.2599999904632568,Bar,PT Production_PLC,6994507abfb07d6db09b09d2,,true,1,1.4,true,01,2026-02-17T08:28:28.660Z,2026-08-11T10:35:19.317Z,0,2026-08-11T10:35:12.602Z,PLC,,
699426acbfb07d6db09a053a,PT_I3_2_A,number,0.1399998664855957,Bar,PT Production_PLC,699452f3bfb07d6db09b1a8e,,true,0,0.7,true,01,2026-02-17T08:28:28.665Z,2026-08-11T10:35:19.309Z,0,2026-08-11T10:35:12.602Z,PLC,,
699426acbfb07d6db09a0540,PT_I3_4_A,number,0.04999995231628418,Bar,PT Production_PLC,69945261bfb07d6db09b1674,,true,0,0.8,true,01,2026-02-17T08:28:28.667Z,2026-08-11T10:35:19.311Z,0,2026-08-11T10:35:12.602Z,PLC,,
699426acbfb07d6db09a054c,PT_I3_6_A,number,0.02500009536743164,Bar,PT Production_PLC,6994507abfb07d6db09b09d2,,true,0,0.8,true,01,2026-02-17T08:28:28.673Z,2026-08-11T10:35:19.313Z,0,2026-08-11T10:35:12.602Z,PLC,,
699426acbfb07d6db09a054f,PT_I3_7,number,3.009999990463257,Bar,PT Production_PLC,6994507abfb07d6db09b09d2,,true,2,2.4,true,01,2026-02-17T08:28:28.674Z,2026-08-11T10:35:19.315Z,0,2026-08-11T10:35:12.602Z,PLC,,
699426acbfb07d6db09a0552,PT_I5_4,number,0,Bar,PT Production_PLC,6994507abfb07d6db09b09d2,,true,2.6,3,true,01,2026-02-17T08:28:28.675Z,2026-08-11T10:35:19.341Z,0,2026-08-11T10:35:12.602Z,PLC,,
699426acbfb07d6db09a055b,PT_I1_3,number,0,Bar,PT Production_PLC,69945755bfb07d6db09b384f,,true,0.8,1,true,01,2026-02-17T08:28:28.679Z,2026-08-11T10:35:19.279Z,0,2026-08-11T10:35:12.602Z,PLC,,
699426acbfb07d6db09a055e,PT_I1_4,number,0,Bar,PT Production_PLC,69945755bfb07d6db09b384f,,true,0.7,0.9,true,01,2026-02-17T08:28:28.681Z,2026-08-11T10:35:19.281Z,0,2026-08-11T10:35:12.602Z,PLC,,
699426acbfb07d6db09a056d,PT_I2_6,number,0.9900000095367432,Bar,PT Production_PLC,69945a5fbfb07d6db09b4d20,,true,0.8,1.2,true,01,2026-02-17T08:28:28.687Z,2026-08-11T10:35:19.300Z,0,2026-08-11T10:35:12.602Z,PLC,,
699426acbfb07d6db09a0570,PT_I2_5,number,1.7350000143051147,Bar,PT Production_PLC,69945a5fbfb07d6db09b4d20,,true,1.8,2.2,true,01,2026-02-17T08:28:28.688Z,2026-08-11T10:35:19.298Z,0,2026-08-11T10:35:12.602Z,PLC,,
699426acbfb07d6db09a057c,P001_TDC_511_ACTUAL_VALUE,number,42,Celsius,PT Production_PLC,69945c42bfb07d6db09b59eb,,true,40,45,true,01,2026-02-17T08:28:28.693Z,2026-08-11T10:35:19.266Z,0,2026-08-11T10:35:12.602Z,PLC,,
699426acbfb07d6db09a057f,PT_I1_6,number,0.9449999928474426,Bar,PT Production_PLC,69945df6bfb07d6db09b655a,,true,1,1.4,true,01,2026-02-17T08:28:28.694Z,2026-08-11T10:35:19.285Z,0,2026-08-11T10:35:12.602Z,PLC,,
699426acbfb07d6db09a0582,PT_I1_5,number,0.9399999976158142,Bar,PT Production_PLC,69945df6bfb07d6db09b655a,,true,1,1.4,true,01,2026-02-17T08:28:28.695Z,2026-08-11T10:35:19.283Z,0,2026-08-11T10:35:12.602Z,PLC,,
699426acbfb07d6db09a0585,PT_I1_7,number,1.3550000190734863,Bar,PT Production_PLC,69945df6bfb07d6db09b655a,,true,1.2,1.6,true,01,2026-02-17T08:28:28.697Z,2026-08-11T10:35:19.287Z,0,2026-08-11T10:35:12.602Z,PLC,,
699426acbfb07d6db09a0588,PT_I2_0,number,1.190000057220459,Bar,PT Production_PLC,69945df6bfb07d6db09b655a,,true,1.2,1.6,true,01,2026-02-17T08:28:28.698Z,2026-08-11T10:35:19.290Z,0,2026-08-11T10:35:12.602Z,PLC,,
699426acbfb07d6db09a0594,P001_TDC_551_ACTUAL_VALUE,number,45,Celsius,PT Production_PLC,69945d3cbfb07d6db09b6079,,true,45,65,true,01,2026-02-17T08:28:28.703Z,2026-08-11T10:35:19.269Z,0,2026-08-11T10:35:12.602Z,PLC,,
699426acbfb07d6db09a059a,PT_I2_2,number,1.465000033378601,Bar,PT Production_PLC,69945df6bfb07d6db09b655a,,true,1.2,1.6,true,01,2026-02-17T08:28:28.705Z,2026-08-11T10:35:19.292Z,0,2026-08-11T10:35:12.602Z,PLC,,
699426acbfb07d6db09a05a0,PT_I2_3_A,number,0.125,Bar,PT Production_PLC,6994608dbfb07d6db09b76af,,true,0,0.8,true,01,2026-02-17T08:28:28.707Z,2026-08-11T10:35:19.295Z,0,2026-08-11T10:35:12.602Z,PLC,,
699426acbfb07d6db09a05a6,PT_I3_0,number,0,Bar,PT Production_PLC,69946223bfb07d6db09b8212,,true,0.9,1.2,true,01,2026-02-17T08:28:28.709Z,2026-08-11T10:35:19.304Z,0,2026-08-11T10:35:12.602Z,PLC,,
699426acbfb07d6db09a05a9,PT_I3_1,number,0,Bar,PT Production_PLC,69946223bfb07d6db09b8212,,true,0.9,1.2,true,01,2026-02-17T08:28:28.711Z,2026-08-11T10:35:19.307Z,0,2026-08-11T10:35:12.602Z,PLC,,
699426acbfb07d6db09a05b8,PT_I1_1,number,1.2999999523162842,Bar,PT Production_PLC,699464abbfb07d6db09b9354,,true,1,1.4,true,01,2026-02-17T08:28:28.716Z,2026-08-11T10:35:19.277Z,0,2026-08-11T10:35:12.602Z,PLC,,
699426acbfb07d6db09a05bb,PT_I1_0,number,1.2649999856948853,Bar,PT Production_PLC,699464abbfb07d6db09b9354,,true,1,1.4,true,01,2026-02-17T08:28:28.717Z,2026-08-11T10:35:19.274Z,0,2026-08-11T10:35:12.602Z,PLC,,
699426acbfb07d6db09a05c1,P001_ECC_651.AnalogScaled,number,22.603309631347656,us/cm,PT Production_PLC,6994643dbfb07d6db09b903f,,true,0,30,true,01,2026-02-17T08:28:28.720Z,2026-08-11T10:35:19.260Z,0,2026-08-11T10:35:12.602Z,PLC,,
699d79acefe574e9bb79f5d4,P001_TDC_111_ACTUAL_VALUE,null,null,°C,ED Production_PLC,699ef1f343857e02442746a5,,true,30,32,true,,2026-02-24T15:42:43.719Z,2026-08-11T10:35:19.427Z,,2026-08-11T10:35:12.602Z,PLC,1,
699d79afefe574e9bb7b4755,ED_I2_5,number,1.9900000095367432,bar,ED Production_PLC,699573c8d67b1b79cf7dfcf7,,true,1.6,2,true,,2026-02-24T15:42:43.719Z,2026-08-11T10:35:19.382Z,,2026-08-11T10:35:12.602Z,PLC,1,
699d79b1efe574e9bb7c98d6,ED_I2_4,number,2.055000066757202,bar,ED Production_PLC,699573c8d67b1b79cf7dfcf7,,true,1.6,2,true,,2026-02-24T15:42:43.719Z,2026-08-11T10:35:19.379Z,,2026-08-11T10:35:12.602Z,PLC,1,
699d79b4efe574e9bb7dea57,ED_I2_3,number,2.0450000762939453,bar,ED Production_PLC,699573c8d67b1b79cf7dfcf7,,true,1.6,2,true,,2026-02-24T15:42:43.719Z,2026-08-11T10:35:19.375Z,,2026-08-11T10:35:12.602Z,PLC,1,
699d79b6efe574e9bb7f3bd8,ED_I2_2,number,2.075000047683716,bar,ED Production_PLC,699573c8d67b1b79cf7dfcf7,,true,1.6,2,true,,2026-02-24T15:42:43.719Z,2026-08-11T10:35:19.373Z,,2026-08-11T10:35:12.602Z,PLC,1,
699d79b9efe574e9bb808d59,ED_I2_1,number,2.125,bar,ED Production_PLC,699573c8d67b1b79cf7dfcf7,,true,1.8,2.2,true,,2026-02-24T15:42:43.719Z,2026-08-11T10:35:19.369Z,,2026-08-11T10:35:12.602Z,PLC,1,
699d79bbefe574e9bb81deda,ED_I2_0,number,0.5400000214576721,bar,ED Production_PLC,699573c8d67b1b79cf7dfcf7,,true,0.5,0.9,true,,2026-02-24T15:42:43.719Z,2026-08-11T10:35:19.365Z,,2026-08-11T10:35:12.602Z,PLC,1,
699d79beefe574e9bb83305b,ED_I1_7,number,1.2949999570846558,bar,ED Production_PLC,699573c8d67b1b79cf7dfcf7,,true,0.8,1.2,true,,2026-02-24T15:42:43.719Z,2026-08-11T10:35:19.363Z,,2026-08-11T10:35:12.602Z,PLC,1,
699d79c0efe574e9bb8481dc,ED_I1_6,number,0.8650000095367432,bar,ED Production_PLC,699573c8d67b1b79cf7dfcf7,,true,0.8,1.2,true,,2026-02-24T15:42:43.719Z,2026-08-11T10:35:19.360Z,,2026-08-11T10:35:12.602Z,PLC,1,
699d79c5efe574e9bb8724de,ED_I1_0_A,number,-0.015000104904174805,bar,ED Production_PLC,699834981f773e845dc850b0,,true,0.1,0.8,true,,2026-02-24T15:42:43.719Z,2026-08-11T10:35:19.351Z,,2026-08-11T10:35:12.602Z,PLC,1,
699d79c7efe574e9bb88765f,ED_I1_2_A,number,-0.02499985694885254,bar,ED Production_PLC,699834d41f773e845dc85298,,true,0.1,0.8,true,,2026-02-24T15:42:43.719Z,2026-08-11T10:35:19.354Z,,2026-08-11T10:35:12.602Z,PLC,1,
699d79caefe574e9bb89c7e0,ED_I1_4_A,number,0.05000019073486328,bar,ED Production_PLC,699835201f773e845dc854d8,,true,0.1,0.2,true,,2026-02-24T15:42:43.719Z,2026-08-11T10:35:19.357Z,,2026-08-11T10:35:12.602Z,PLC,1,
699d79cfefe574e9bb8c6ae2,P001_ECC_181.AnalogScaled,number,0.6210421919822693,µS/cm,ED Production_PLC,6995729ed67b1b79cf7df516,,true,500,1000,true,,2026-02-24T15:42:43.719Z,2026-08-11T10:35:19.424Z,,2026-08-11T10:35:12.602Z,PLC,1,
699d79d9efe574e9bb91b0e6,ED_I4_4,number,0,bar,ED Production_PLC,699837431f773e845dc8627e,,true,3.3,4.1,true,,2026-02-24T15:42:43.719Z,2026-08-11T10:35:19.417Z,,2026-08-11T10:35:12.602Z,PLC,1,
699d79dcefe574e9bb930267,ED_I4_5,number,0,bar,ED Production_PLC,699837431f773e845dc8627e,,true,1.5,1.8,true,,2026-02-24T15:42:43.719Z,2026-08-11T10:35:19.421Z,,2026-08-11T10:35:12.602Z,PLC,1,
699d79e2efe574e9bb95a569,ED_I2_6_A,number,3.7950000762939453,bar,ED Production_PLC,6995729ed67b1b79cf7df516,,true,0.1,0.8,true,,2026-02-24T15:42:43.719Z,2026-08-11T10:35:19.385Z,,2026-08-11T10:35:12.602Z,PLC,1,
699d79eaefe574e9bb9999ec,ED_I3_2,number,1.0149999856948853,bar,ED Production_PLC,69984bc51f773e845dc8dc41,,true,0.9,1.1,true,,2026-02-24T15:42:43.719Z,2026-08-11T10:35:19.390Z,,2026-08-11T10:35:12.602Z,PLC,1,
699d79edefe574e9bb9aeb6d,ED_I3_3,number,0.925000011920929,bar,ED Production_PLC,69984bc51f773e845dc8dc41,,true,0.9,1.1,true,,2026-02-24T15:42:43.719Z,2026-08-11T10:35:19.394Z,,2026-08-11T10:35:12.602Z,PLC,1,
699d79f0efe574e9bb9c3cee,ED_I3_4,number,0.8899999856948853,bar,ED Production_PLC,69984bc51f773e845dc8dc41,,true,0.9,1.1,true,,2026-02-24T15:42:43.719Z,2026-08-11T10:35:19.397Z,,2026-08-11T10:35:12.602Z,PLC,1,
699d79f2efe574e9bb9d8e6f,ED_I3_5,number,1.3650000095367432,bar,ED Production_PLC,69984bc51f773e845dc8dc41,,true,1.4,1.6,true,,2026-02-24T15:42:43.719Z,2026-08-11T10:35:19.399Z,,2026-08-11T10:35:12.602Z,PLC,1,
699d79f5efe574e9bb9edff0,ED_I3_6,number,32.763999938964844,bar,ED Production_PLC,69984bc51f773e845dc8dc41,,true,0.9,1.1,true,,2026-02-24T15:42:43.719Z,2026-08-11T10:35:19.403Z,,2026-08-11T10:35:12.602Z,PLC,1,
699d79f7efe574e9bba03171,ED_I3_0_A,number,-0.039999961853027344,bar,ED Production_PLC,699ef55843857e0244274b3a,,true,0.1,0.8,true,,2026-02-24T15:42:43.719Z,2026-08-11T10:35:19.387Z,,2026-08-11T10:35:12.602Z,PLC,1,
699d79ffefe574e9bba425f4,ED_I3_7,number,0,bar,ED Production_PLC,69984c7b1f773e845dc8e1c0,,true,1.3,1.7,true,,2026-02-24T15:42:43.719Z,2026-08-11T10:35:19.406Z,,2026-08-11T10:35:12.602Z,PLC,1,
699d7a01efe574e9bba57775,ED_I4_0,number,1.2450000047683716,bar,ED Production_PLC,69984c7b1f773e845dc8e1c0,,true,1.3,1.7,true,,2026-02-24T15:42:43.719Z,2026-08-11T10:35:19.408Z,,2026-08-11T10:35:12.602Z,PLC,1,
699d7a04efe574e9bba6c8f6,ED_I4_1,number,0,bar,ED Production_PLC,69984c7b1f773e845dc8e1c0,,true,1.3,1.7,true,,2026-02-24T15:42:43.719Z,2026-08-11T10:35:19.412Z,,2026-08-11T10:35:12.602Z,PLC,1,
699d7a09efe574e9bba96bf8,ED_I4_3_A,number,-1.2999999523162842,bar,ED Production_PLC,69984f591f773e845dc8f706,,true,0.1,0.8,true,,2026-02-24T15:42:43.719Z,2026-08-11T10:35:19.415Z,,2026-08-11T10:35:12.602Z,PLC,1,
699d7a0fefe574e9bbac0efa,P101_TDC_911_CMP.Actual_Value,number,119.59258270263672,°C,OVEN Production_PLC,,,true,113,127,true,,2026-02-24T15:42:43.719Z,2026-08-11T10:35:20.455Z,1,2026-08-11T10:35:12.602Z,PLC,1,
699d7a11efe574e9bbad607b,P201_TDC_111_CMP.Actual_Value,number,195.0255584716797,°C,OVEN Production_PLC,,,true,183,197,true,,2026-02-24T15:42:43.719Z,2026-08-11T10:35:20.458Z,1,2026-08-11T10:35:12.602Z,PLC,1,
699d7a14efe574e9bbaeb1fc,P301_TDC_211_CMP.Actual_Value,number,201.46031188964844,°C,OVEN Production_PLC,,,true,191,205,true,,2026-02-24T15:42:43.719Z,2026-08-11T10:35:20.461Z,1,2026-08-11T10:35:12.602Z,PLC,1,
69a00014028f2974fee4ab9e,Hanger_RFID_Data[1],string,,boolean,PCPA Conveyor Production_PLC,699705b40d15df825215748f,69a04cfd5dd07d06e4f19d96,true,,,true,,2026-02-20T18:30:00.000Z,2026-08-11T10:35:20.464Z,,2026-08-11T10:35:12.602Z,PLC,,
69a00014028f2974fee4ab9f,RB_File[172].Cab_Body_Code,string,,,SCADA Production_PLC,69a04cfd5dd07d06e4f19d96,,true,,,true,,2026-02-20T18:30:00.000Z,2026-08-11T10:35:19.443Z,,2026-08-11T10:35:12.602Z,PLC,,
69a00014028f2974fee4aba0,RB_File[172].Serial_No_VIN_1,string,,,SCADA Production_PLC,69a04cfd5dd07d06e4f19d96,,true,,,true,,2026-02-20T18:30:00.000Z,2026-08-11T10:35:19.436Z,,2026-08-11T10:35:12.602Z,PLC,,
69a00014028f2974fee4aba1,RB_File[172].Dip_Paint_skid,number,0,,SCADA Production_PLC,69a04cfd5dd07d06e4f19d96,,true,,,true,,2026-02-20T18:30:00.000Z,2026-08-11T10:35:19.448Z,,2026-08-11T10:35:12.602Z,PLC,,
69a00014028f2974fee4aba3,Hanger_RFID_Data[3],string,,boolean,PCPA Conveyor Production_PLC,69944271bfb07d6db09aae0c,,true,,,true,,2026-02-20T18:30:00.000Z,2026-08-11T10:35:20.471Z,,2026-08-11T10:35:12.602Z,PLC,,
69a00014028f2974fee4aba4,RB_File[173].Cab_Body_Code,string,,,SCADA Production_PLC,69944271bfb07d6db09aae0c,,true,,,true,,2026-02-20T18:30:00.000Z,2026-08-11T10:35:19.458Z,,2026-08-11T10:35:12.602Z,PLC,,
69a00014028f2974fee4aba5,RB_File[173].Serial_No_VIN_1,string,,,SCADA Production_PLC,69944271bfb07d6db09aae0c,,true,,,true,,2026-02-20T18:30:00.000Z,2026-08-11T10:35:19.451Z,,2026-08-11T10:35:12.602Z,PLC,,
69a00014028f2974fee4aba6,RB_File[173].Dip_Paint_skid,number,0,,SCADA Production_PLC,69944271bfb07d6db09aae0c,,true,,,true,,2026-02-20T18:30:00.000Z,2026-08-11T10:35:19.464Z,,2026-08-11T10:35:12.602Z,PLC,,
69a00014028f2974fee4abad,Hanger_RFID_Data[4],string,HA11,boolean,PCPA Conveyor Production_PLC,69944f85bfb07d6db09b035d,,true,,,true,,2026-02-20T18:30:00.000Z,2026-08-11T10:35:20.474Z,,2026-08-11T10:35:12.602Z,PLC,,
69a00014028f2974fee4abae,RB_File[175].Cab_Body_Code,string,,,SCADA Production_PLC,69944f85bfb07d6db09b035d,,true,,,true,,2026-02-20T18:30:00.000Z,2026-08-11T10:35:19.487Z,,2026-08-11T10:35:12.602Z,PLC,,
69a00014028f2974fee4abaf,RB_File[175].Serial_No_VIN_1,string,,,SCADA Production_PLC,69944f85bfb07d6db09b035d,,true,,,true,,2026-02-20T18:30:00.000Z,2026-08-11T10:35:19.482Z,,2026-08-11T10:35:12.602Z,PLC,,
69a00014028f2974fee4abb0,RB_File[175].Dip_Paint_skid,number,0,,SCADA Production_PLC,69944f85bfb07d6db09b035d,,true,,,true,,2026-02-20T18:30:00.000Z,2026-08-11T10:35:19.494Z,,2026-08-11T10:35:12.602Z,PLC,,
69a00014028f2974fee4abb2,Hanger_RFID_Data[6],string,HA02,boolean,PCPA Conveyor Production_PLC,6994535dbfb07d6db09b1d98,,true,,,true,,2026-02-20T18:30:00.000Z,2026-08-11T10:35:20.481Z,,2026-08-11T10:35:12.602Z,PLC,,
69a00014028f2974fee4abb3,RB_File[177].Cab_Body_Code,string,,,SCADA Production_PLC,6994535dbfb07d6db09b1d98,,true,,,true,,2026-02-20T18:30:00.000Z,2026-08-11T10:35:19.517Z,,2026-08-11T10:35:12.602Z,PLC,,
69a00014028f2974fee4abb4,RB_File[177].Serial_No_VIN_1,string,,,SCADA Production_PLC,6994535dbfb07d6db09b1d98,,true,,,true,,2026-02-20T18:30:00.000Z,2026-08-11T10:35:19.512Z,,2026-08-11T10:35:12.602Z,PLC,,
69a00014028f2974fee4abb5,RB_File[177].Dip_Paint_skid,number,0,,SCADA Production_PLC,6994535dbfb07d6db09b1d98,,true,,,true,,2026-02-20T18:30:00.000Z,2026-08-11T10:35:19.525Z,,2026-08-11T10:35:12.602Z,PLC,,
69a00014028f2974fee4abb7,Hanger_RFID_Data[7],string,HA06,boolean,PCPA Conveyor Production_PLC,69945956bfb07d6db09b45bb,,true,,,true,,2026-02-20T18:30:00.000Z,2026-08-11T10:35:20.484Z,,2026-08-11T10:35:12.602Z,PLC,,
69a00014028f2974fee4abb8,RB_File[178].Cab_Body_Code,string,H1S1,,SCADA Production_PLC,69945956bfb07d6db09b45bb,,true,,,true,,2026-02-20T18:30:00.000Z,2026-08-11T10:35:19.534Z,,2026-08-11T10:35:12.602Z,PLC,,
69a00014028f2974fee4abb9,RB_File[178].Serial_No_VIN_1,string,2962,,SCADA Production_PLC,69945956bfb07d6db09b45bb,,true,,,true,,2026-02-20T18:30:00.000Z,2026-08-11T10:35:19.528Z,,2026-08-11T10:35:12.602Z,PLC,,
69a00014028f2974fee4abba,RB_File[178].Dip_Paint_skid,number,1034,,SCADA Production_PLC,69945956bfb07d6db09b45bb,,true,,,true,,2026-02-20T18:30:00.000Z,2026-08-11T10:35:19.541Z,,2026-08-11T10:35:12.602Z,PLC,,
69a00014028f2974fee4abbc,Hanger_RFID_Data[8],string,,boolean,PCPA Conveyor Production_PLC,,,true,,,true,,2026-02-20T18:30:00.000Z,2026-08-11T10:35:20.487Z,1,2026-08-11T10:35:12.602Z,PLC,,
69a00014028f2974fee4abbd,RB_File[179].Cab_Body_Code,string,H1D1,,SCADA Production_PLC,,,true,,,true,,2026-02-20T18:30:00.000Z,2026-08-11T10:35:19.550Z,1,2026-08-11T10:35:12.602Z,PLC,,
69a00014028f2974fee4abbe,RB_File[179].Serial_No_VIN_1,string,2962,,SCADA Production_PLC,,,true,,,true,,2026-02-20T18:30:00.000Z,2026-08-11T10:35:19.543Z,1,2026-08-11T10:35:12.602Z,PLC,,
69a00014028f2974fee4abbf,RB_File[179].Dip_Paint_skid,number,1071,,SCADA Production_PLC,,,true,,,true,,2026-02-20T18:30:00.000Z,2026-08-11T10:35:19.557Z,1,2026-08-11T10:35:12.602Z,PLC,,
69a00015028f2974fee4abc1,Hanger_RFID_Data[10],string,,boolean,PCPA Conveyor Production_PLC,699456f6bfb07d6db09b358a,,true,,,true,,2026-02-20T18:30:00.000Z,2026-08-11T10:35:20.495Z,,2026-08-11T10:35:12.602Z,PLC,,
69a00015028f2974fee4abc2,RB_File[181].Cab_Body_Code,string,,,SCADA Production_PLC,699456f6bfb07d6db09b358a,,true,,,true,,2026-02-20T18:30:00.000Z,2026-08-11T10:35:19.582Z,,2026-08-11T10:35:12.602Z,PLC,,
69a00015028f2974fee4abc3,RB_File[181].Serial_No_VIN_1,string,,,SCADA Production_PLC,699456f6bfb07d6db09b358a,,true,,,true,,2026-02-20T18:30:00.000Z,2026-08-11T10:35:19.575Z,,2026-08-11T10:35:12.602Z,PLC,,
69a00015028f2974fee4abc4,RB_File[181].Dip_Paint_skid,number,0,,SCADA Production_PLC,699456f6bfb07d6db09b358a,,true,,,true,,2026-02-20T18:30:00.000Z,2026-08-11T10:35:19.588Z,,2026-08-11T10:35:12.602Z,PLC,,
69a00015028f2974fee4abc6,Hanger_RFID_Data[11],string,,boolean,PCPA Conveyor Production_PLC,69945c25bfb07d6db09b5913,699463cdbfb07d6db09b8d6c,true,,,true,,2026-02-20T18:30:00.000Z,2026-08-11T10:35:20.498Z,,2026-08-11T10:35:12.602Z,PLC,,
69a00015028f2974fee4abc7,RB_File[182].Cab_Body_Code,string,H1S1,,SCADA Production_PLC,69945c25bfb07d6db09b5913,699463cdbfb07d6db09b8d6c,true,,,true,,2026-02-20T18:30:00.000Z,2026-08-11T10:35:19.598Z,,2026-08-11T10:35:12.602Z,PLC,,
69a00015028f2974fee4abc8,RB_File[182].Serial_No_VIN_1,string,2962,,SCADA Production_PLC,69945c25bfb07d6db09b5913,699463cdbfb07d6db09b8d6c,true,,,true,,2026-02-20T18:30:00.000Z,2026-08-11T10:35:19.591Z,,2026-08-11T10:35:12.602Z,PLC,,
69a00015028f2974fee4abc9,RB_File[182].Dip_Paint_skid,number,1024,,SCADA Production_PLC,69945c25bfb07d6db09b5913,699463cdbfb07d6db09b8d6c,true,,,true,,2026-02-20T18:30:00.000Z,2026-08-11T10:35:19.604Z,,2026-08-11T10:35:12.602Z,PLC,,
69a00015028f2974fee4abcb,Hanger_RFID_Data[12],string,,boolean,PCPA Conveyor Production_PLC,699465c9bfb07d6db09b9b53,,true,,,true,,2026-02-20T18:30:00.000Z,2026-08-11T10:35:20.501Z,,2026-08-11T10:35:12.602Z,PLC,,
69a00015028f2974fee4abcc,RB_File[183].Cab_Body_Code,string,,,SCADA Production_PLC,699465c9bfb07d6db09b9b53,,true,,,true,,2026-02-20T18:30:00.000Z,2026-08-11T10:35:19.614Z,,2026-08-11T10:35:12.602Z,PLC,,
69a00015028f2974fee4abcd,RB_File[183].Serial_No_VIN_1,string,,,SCADA Production_PLC,699465c9bfb07d6db09b9b53,,true,,,true,,2026-02-20T18:30:00.000Z,2026-08-11T10:35:19.607Z,,2026-08-11T10:35:12.602Z,PLC,,
69a00015028f2974fee4abce,RB_File[183].Dip_Paint_skid,number,0,,SCADA Production_PLC,699465c9bfb07d6db09b9b53,,true,,,true,,2026-02-20T18:30:00.000Z,2026-08-11T10:35:19.620Z,,2026-08-11T10:35:12.602Z,PLC,,
69a00015028f2974fee4abd0,Hanger_RFID_Data[16],string,,boolean,PCPA Conveyor Production_PLC,6995729ed67b1b79cf7df516,,true,,,true,,2026-02-20T18:30:00.000Z,2026-08-11T10:35:20.513Z,,2026-08-11T10:35:12.602Z,PLC,,
69a00015028f2974fee4abd1,RB_File[187].Cab_Body_Code,string,H1S1,,SCADA Production_PLC,6995729ed67b1b79cf7df516,,true,,,true,,2026-02-20T18:30:00.000Z,2026-08-11T10:35:19.677Z,,2026-08-11T10:35:12.602Z,PLC,,
69a00015028f2974fee4abd2,RB_File[187].Serial_No_VIN_1,string,2962,,SCADA Production_PLC,6995729ed67b1b79cf7df516,,true,,,true,,2026-02-20T18:30:00.000Z,2026-08-11T10:35:19.671Z,,2026-08-11T10:35:12.602Z,PLC,,
69a00015028f2974fee4abd3,RB_File[187].Dip_Paint_skid,number,1033,,SCADA Production_PLC,6995729ed67b1b79cf7df516,,true,,,true,,2026-02-20T18:30:00.000Z,2026-08-11T10:35:19.683Z,,2026-08-11T10:35:12.602Z,PLC,,
69a00015028f2974fee4abd5,Hanger_RFID_Data[18],string,,boolean,PCPA Conveyor Production_PLC,699572c5d67b1b79cf7df629,,true,,,true,,2026-02-20T18:30:00.000Z,2026-08-11T10:35:20.520Z,,2026-08-11T10:35:12.602Z,PLC,,
69a00015028f2974fee4abd6,RB_File[189].Cab_Body_Code,string,H1S1,,SCADA Production_PLC,699572c5d67b1b79cf7df629,,true,,,true,,2026-02-20T18:30:00.000Z,2026-08-11T10:35:19.706Z,,2026-08-11T10:35:12.602Z,PLC,,
69a00015028f2974fee4abd7,RB_File[189].Serial_No_VIN_1,string,2962,,SCADA Production_PLC,699572c5d67b1b79cf7df629,,true,,,true,,2026-02-20T18:30:00.000Z,2026-08-11T10:35:19.701Z,,2026-08-11T10:35:12.602Z,PLC,,
69a00015028f2974fee4abd8,RB_File[189].Dip_Paint_skid,number,1013,,SCADA Production_PLC,699572c5d67b1b79cf7df629,,true,,,true,,2026-02-20T18:30:00.000Z,2026-08-11T10:35:19.712Z,,2026-08-11T10:35:12.602Z,PLC,,
69a00015028f2974fee4abda,Hanger_RFID_Data[19],string,HA09,boolean,PCPA Conveyor Production_PLC,699572e6d67b1b79cf7df719,,true,,,true,,2026-02-20T18:30:00.000Z,2026-08-11T10:35:20.523Z,,2026-08-11T10:35:12.602Z,PLC,,
69a00015028f2974fee4abdb,RB_File[190].Cab_Body_Code,string,,,SCADA Production_PLC,699572e6d67b1b79cf7df719,,true,,,true,,2026-02-20T18:30:00.000Z,2026-08-11T10:35:19.721Z,,2026-08-11T10:35:12.602Z,PLC,,
69a00015028f2974fee4abdc,RB_File[190].Serial_No_VIN_1,string,,,SCADA Production_PLC,699572e6d67b1b79cf7df719,,true,,,true,,2026-02-20T18:30:00.000Z,2026-08-11T10:35:19.715Z,,2026-08-11T10:35:12.602Z,PLC,,
69a00015028f2974fee4abdd,RB_File[190].Dip_Paint_skid,number,0,,SCADA Production_PLC,699572e6d67b1b79cf7df719,,true,,,true,,2026-02-20T18:30:00.000Z,2026-08-11T10:35:19.727Z,,2026-08-11T10:35:12.602Z,PLC,,
69a00015028f2974fee4abdf,Hanger_RFID_Data[21],string,,boolean,PCPA Conveyor Production_PLC,69957309d67b1b79cf7df80f,,true,,,true,,2026-02-20T18:30:00.000Z,2026-08-11T10:35:20.529Z,,2026-08-11T10:35:12.602Z,PLC,,
69a00015028f2974fee4abe0,RB_File[192].Cab_Body_Code,string,,,SCADA Production_PLC,69957309d67b1b79cf7df80f,,true,,,true,,2026-02-20T18:30:00.000Z,2026-08-11T10:35:19.751Z,,2026-08-11T10:35:12.602Z,PLC,,
69a00015028f2974fee4abe1,RB_File[192].Serial_No_VIN_1,string,,,SCADA Production_PLC,69957309d67b1b79cf7df80f,,true,,,true,,2026-02-20T18:30:00.000Z,2026-08-11T10:35:19.745Z,,2026-08-11T10:35:12.602Z,PLC,,
69a00015028f2974fee4abe2,RB_File[192].Dip_Paint_skid,number,0,,SCADA Production_PLC,69957309d67b1b79cf7df80f,,true,,,true,,2026-02-20T18:30:00.000Z,2026-08-11T10:35:19.757Z,,2026-08-11T10:35:12.602Z,PLC,,
69a0058ccc5780b526a03b75,P101_ECC_311.AnalogScaled,number,0,µS/cm,ED Production_PLC,,,true,80,100,true,,2026-02-26T14:04:20.038Z,2026-08-11T10:35:19.430Z,1,2026-08-11T10:35:12.602Z,PLC,1,
69a0058fcc5780b526a18cf6,P101_FM_701.AnalogScaled,number,77.95665740966797,LPH,ED Production_PLC,,,true,1950,2005,true,,2026-02-26T14:04:20.038Z,2026-08-11T10:35:19.433Z,1,2026-08-11T10:35:12.602Z,PLC,1,
69a18055be84d052e4e1eb46,PT_I5_5,number,0,Bar,PT Production_PLC,,,true,2.6,3,true,,2026-02-27T17:00:27.388Z,2026-08-11T10:35:19.344Z,1,2026-08-11T10:35:12.602Z,PLC,1,
69a1805abe84d052e4e48e48,PT_I2_7,number,0.8999999761581421,Bar,PT Production_PLC,,,true,0.8,1.2,true,,2026-02-27T17:00:27.388Z,2026-08-11T10:35:19.302Z,1,2026-08-11T10:35:12.602Z,PLC,1,
69bbe0d713f1f60c57a42028,RB_File[94].Cab_Body_Code,string,,,SCADA Production_PLC,69bbd67b5bb2c1f6ff9c5090,,true,,,true,,2026-02-20T18:30:00.000Z,2026-08-11T10:35:19.995Z,,2026-08-11T10:35:12.602Z,PLC,,
69bbe0d713f1f60c57a42029,RB_File[94].Serial_No_VIN_1,string,,,SCADA Production_PLC,69bbd67b5bb2c1f6ff9c5090,,true,,,true,,2026-02-20T18:30:00.000Z,2026-08-11T10:35:19.988Z,,2026-08-11T10:35:12.602Z,PLC,,
69bbe0d713f1f60c57a4202a,RB_File[94].Dip_Paint_skid,number,0,,SCADA Production_PLC,69bbd67b5bb2c1f6ff9c5090,,true,,,true,,2026-02-20T18:30:00.000Z,2026-08-11T10:35:20.002Z,,2026-08-11T10:35:12.602Z,PLC,,
69bbe0d713f1f60c57a4202c,RB_File[95].Cab_Body_Code,string,,,SCADA Production_PLC,69bbd7b85bb2c1f6ff9c71fd,,true,,,true,,2026-02-20T18:30:00.000Z,2026-08-11T10:35:20.013Z,,2026-08-11T10:35:12.602Z,PLC,,
69bbe0d713f1f60c57a4202d,RB_File[95].Serial_No_VIN_1,string,,,SCADA Production_PLC,69bbd7b85bb2c1f6ff9c71fd,,true,,,true,,2026-02-20T18:30:00.000Z,2026-08-11T10:35:20.006Z,,2026-08-11T10:35:12.602Z,PLC,,
69bbe0d713f1f60c57a4202e,RB_File[95].Dip_Paint_skid,number,0,,SCADA Production_PLC,69bbd7b85bb2c1f6ff9c71fd,,true,,,true,,2026-02-20T18:30:00.000Z,2026-08-11T10:35:20.019Z,,2026-08-11T10:35:12.602Z,PLC,,
69bbe0d713f1f60c57a42030,RB_File[96].Cab_Body_Code,string,M1S1,,SCADA Production_PLC,69bbd8025bb2c1f6ff9c7a70,,true,,,true,,2026-02-20T18:30:00.000Z,2026-08-11T10:35:20.029Z,,2026-08-11T10:35:12.602Z,PLC,,
69bbe0d713f1f60c57a42031,RB_File[96].Serial_No_VIN_1,string,2962,,SCADA Production_PLC,69bbd8025bb2c1f6ff9c7a70,,true,,,true,,2026-02-20T18:30:00.000Z,2026-08-11T10:35:20.022Z,,2026-08-11T10:35:12.602Z,PLC,,
69bbe0d713f1f60c57a42032,RB_File[96].Dip_Paint_skid,number,1042,,SCADA Production_PLC,69bbd8025bb2c1f6ff9c7a70,,true,,,true,,2026-02-20T18:30:00.000Z,2026-08-11T10:35:20.035Z,,2026-08-11T10:35:12.602Z,PLC,,
69bbe0d713f1f60c57a42034,RB_File[97].Cab_Body_Code,string,H1D1,,SCADA Production_PLC,69bbd8485bb2c1f6ff9c8240,,true,,,true,,2026-02-20T18:30:00.000Z,2026-08-11T10:35:20.045Z,,2026-08-11T10:35:12.602Z,PLC,,
69bbe0d713f1f60c57a42035,RB_File[97].Serial_No_VIN_1,string,2962,,SCADA Production_PLC,69bbd8485bb2c1f6ff9c8240,,true,,,true,,2026-02-20T18:30:00.000Z,2026-08-11T10:35:20.038Z,,2026-08-11T10:35:12.602Z,PLC,,
69bbe0d713f1f60c57a42036,RB_File[97].Dip_Paint_skid,number,1054,,SCADA Production_PLC,69bbd8485bb2c1f6ff9c8240,,true,,,true,,2026-02-20T18:30:00.000Z,2026-08-11T10:35:20.051Z,,2026-08-11T10:35:12.602Z,PLC,,
69bbe0d713f1f60c57a42038,RB_File[98].Cab_Body_Code,string,,,SCADA Production_PLC,69bbd88d5bb2c1f6ff9c8a13,,true,,,true,,2026-02-20T18:30:00.000Z,2026-08-11T10:35:20.059Z,,2026-08-11T10:35:12.602Z,PLC,,
69bbe0d713f1f60c57a42039,RB_File[98].Serial_No_VIN_1,string,,,SCADA Production_PLC,69bbd88d5bb2c1f6ff9c8a13,,true,,,true,,2026-02-20T18:30:00.000Z,2026-08-11T10:35:20.054Z,,2026-08-11T10:35:12.602Z,PLC,,
69bbe0d713f1f60c57a4203a,RB_File[98].Dip_Paint_skid,number,0,,SCADA Production_PLC,69bbd88d5bb2c1f6ff9c8a13,,true,,,true,,2026-02-20T18:30:00.000Z,2026-08-11T10:35:20.066Z,,2026-08-11T10:35:12.602Z,PLC,,
69bbe0d713f1f60c57a4203c,RB_File[99].Cab_Body_Code,string,,,SCADA Production_PLC,69bbd8c35bb2c1f6ff9c9054,,true,,,true,,2026-02-20T18:30:00.000Z,2026-08-11T10:35:20.075Z,,2026-08-11T10:35:12.602Z,PLC,,
69bbe0d713f1f60c57a4203d,RB_File[99].Serial_No_VIN_1,string,,,SCADA Production_PLC,69bbd8c35bb2c1f6ff9c9054,,true,,,true,,2026-02-20T18:30:00.000Z,2026-08-11T10:35:20.069Z,,2026-08-11T10:35:12.602Z,PLC,,
69bbe0d713f1f60c57a4203e,RB_File[99].Dip_Paint_skid,number,0,,SCADA Production_PLC,69bbd8c35bb2c1f6ff9c9054,,true,,,true,,2026-02-20T18:30:00.000Z,2026-08-11T10:35:20.081Z,,2026-08-11T10:35:12.602Z,PLC,,
69bbe0d713f1f60c57a42040,RB_File[100].Cab_Body_Code,string,,,SCADA Production_PLC,69bbd90c5bb2c1f6ff9c9844,,true,,,true,,2026-02-20T18:30:00.000Z,2026-08-11T10:35:20.090Z,,2026-08-11T10:35:12.602Z,PLC,,
69bbe0d713f1f60c57a42041,RB_File[100].Serial_No_VIN_1,string,,,SCADA Production_PLC,69bbd90c5bb2c1f6ff9c9844,,true,,,true,,2026-02-20T18:30:00.000Z,2026-08-11T10:35:20.084Z,,2026-08-11T10:35:12.602Z,PLC,,
69bbe0d713f1f60c57a42042,RB_File[100].Dip_Paint_skid,number,0,,SCADA Production_PLC,69bbd90c5bb2c1f6ff9c9844,,true,,,true,,2026-02-20T18:30:00.000Z,2026-08-11T10:35:20.098Z,,2026-08-11T10:35:12.602Z,PLC,,
69bbe0d713f1f60c57a42044,RB_File[101].Cab_Body_Code,string,,,SCADA Production_PLC,69bbd9575bb2c1f6ff9ca0a0,,true,,,true,,2026-02-20T18:30:00.000Z,2026-08-11T10:35:20.107Z,,2026-08-11T10:35:12.602Z,PLC,,
69bbe0d713f1f60c57a42045,RB_File[101].Serial_No_VIN_1,string,,,SCADA Production_PLC,69bbd9575bb2c1f6ff9ca0a0,,true,,,true,,2026-02-20T18:30:00.000Z,2026-08-11T10:35:20.101Z,,2026-08-11T10:35:12.602Z,PLC,,
69bbe0d813f1f60c57a42046,RB_File[101].Dip_Paint_skid,number,0,,SCADA Production_PLC,69bbd9575bb2c1f6ff9ca0a0,,true,,,true,,2026-02-20T18:30:00.000Z,2026-08-11T10:35:20.113Z,,2026-08-11T10:35:12.602Z,PLC,,
69bbe0d813f1f60c57a42048,RB_File[102].Cab_Body_Code,string,,,SCADA Production_PLC,69bbd9a35bb2c1f6ff9ca903,,true,,,true,,2026-02-20T18:30:00.000Z,2026-08-11T10:35:20.122Z,,2026-08-11T10:35:12.602Z,PLC,,
69bbe0d813f1f60c57a42049,RB_File[102].Serial_No_VIN_1,string,,,SCADA Production_PLC,69bbd9a35bb2c1f6ff9ca903,,true,,,true,,2026-02-20T18:30:00.000Z,2026-08-11T10:35:20.116Z,,2026-08-11T10:35:12.602Z,PLC,,
69bbe0d813f1f60c57a4204a,RB_File[102].Dip_Paint_skid,number,0,,SCADA Production_PLC,69bbd9a35bb2c1f6ff9ca903,,true,,,true,,2026-02-20T18:30:00.000Z,2026-08-11T10:35:20.129Z,,2026-08-11T10:35:12.602Z,PLC,,
69bbe0d813f1f60c57a4204c,RB_File[103].Cab_Body_Code,string,,,SCADA Production_PLC,69bbd9de5bb2c1f6ff9cafcf,,true,,,true,,2026-02-20T18:30:00.000Z,2026-08-11T10:35:20.139Z,,2026-08-11T10:35:12.602Z,PLC,,
69bbe0d813f1f60c57a4204d,RB_File[103].Serial_No_VIN_1,string,,,SCADA Production_PLC,69bbd9de5bb2c1f6ff9cafcf,,true,,,true,,2026-02-20T18:30:00.000Z,2026-08-11T10:35:20.132Z,,2026-08-11T10:35:12.602Z,PLC,,
69bbe0d813f1f60c57a4204e,RB_File[103].Dip_Paint_skid,number,0,,SCADA Production_PLC,69bbd9de5bb2c1f6ff9cafcf,,true,,,true,,2026-02-20T18:30:00.000Z,2026-08-11T10:35:20.147Z,,2026-08-11T10:35:12.602Z,PLC,,
69bbe0d813f1f60c57a42050,RB_File[104].Cab_Body_Code,string,,,SCADA Production_PLC,69bbda235bb2c1f6ff9cb7a9,,true,,,true,,2026-02-20T18:30:00.000Z,2026-08-11T10:35:20.158Z,,2026-08-11T10:35:12.602Z,PLC,,
69bbe0d813f1f60c57a42051,RB_File[104].Serial_No_VIN_1,string,,,SCADA Production_PLC,69bbda235bb2c1f6ff9cb7a9,,true,,,true,,2026-02-20T18:30:00.000Z,2026-08-11T10:35:20.151Z,,2026-08-11T10:35:12.602Z,PLC,,
69bbe0d813f1f60c57a42052,RB_File[104].Dip_Paint_skid,number,0,,SCADA Production_PLC,69bbda235bb2c1f6ff9cb7a9,,true,,,true,,2026-02-20T18:30:00.000Z,2026-08-11T10:35:20.165Z,,2026-08-11T10:35:12.602Z,PLC,,
69bbe0d813f1f60c57a42054,RB_File[60].Cab_Body_Code,string,,,SCADA Production_PLC,69bbda5f5bb2c1f6ff9cbe73,,true,,,true,,2026-02-20T18:30:00.000Z,2026-08-11T10:35:20.174Z,,2026-08-11T10:35:12.602Z,PLC,,
69bbe0d813f1f60c57a42055,RB_File[60].Serial_No_VIN_1,string,,,SCADA Production_PLC,69bbda5f5bb2c1f6ff9cbe73,,true,,,true,,2026-02-20T18:30:00.000Z,2026-08-11T10:35:20.168Z,,2026-08-11T10:35:12.602Z,PLC,,
69bbe0d813f1f60c57a42056,RB_File[60].Dip_Paint_skid,number,0,,SCADA Production_PLC,69bbda5f5bb2c1f6ff9cbe73,,true,,,true,,2026-02-20T18:30:00.000Z,2026-08-11T10:35:20.180Z,,2026-08-11T10:35:12.602Z,PLC,,
69bbe0d813f1f60c57a42058,RB_File[61].Cab_Body_Code,string,,,SCADA Production_PLC,69bbdaac5bb2c1f6ff9cc6d1,,true,,,true,,2026-02-20T18:30:00.000Z,2026-08-11T10:35:20.189Z,,2026-08-11T10:35:12.602Z,PLC,,
69bbe0d813f1f60c57a42059,RB_File[61].Serial_No_VIN_1,string,,,SCADA Production_PLC,69bbdaac5bb2c1f6ff9cc6d1,,true,,,true,,2026-02-20T18:30:00.000Z,2026-08-11T10:35:20.183Z,,2026-08-11T10:35:12.602Z,PLC,,
69bbe0d813f1f60c57a4205a,RB_File[61].Dip_Paint_skid,number,0,,SCADA Production_PLC,69bbdaac5bb2c1f6ff9cc6d1,,true,,,true,,2026-02-20T18:30:00.000Z,2026-08-11T10:35:20.194Z,,2026-08-11T10:35:12.602Z,PLC,,
69bbe0d813f1f60c57a4205c,RB_File[201].Cab_Body_Code,string,,,SCADA Production_PLC,69bbdadc5bb2c1f6ff9ccc92,,true,,,true,,2026-02-20T18:30:00.000Z,2026-08-11T10:35:20.203Z,,2026-08-11T10:35:12.602Z,PLC,,
69bbe0d813f1f60c57a4205d,RB_File[201].Serial_No_VIN_1,string,,,SCADA Production_PLC,69bbdadc5bb2c1f6ff9ccc92,,true,,,true,,2026-02-20T18:30:00.000Z,2026-08-11T10:35:20.197Z,,2026-08-11T10:35:12.602Z,PLC,,
69bbe0d813f1f60c57a4205e,RB_File[201].Dip_Paint_skid,number,0,,SCADA Production_PLC,69bbdadc5bb2c1f6ff9ccc92,,true,,,true,,2026-02-20T18:30:00.000Z,2026-08-11T10:35:20.209Z,,2026-08-11T10:35:12.602Z,PLC,,
69bbe0d813f1f60c57a42060,RB_File[202].Cab_Body_Code,string,H1S1,,SCADA Production_PLC,69bbdb0e5bb2c1f6ff9cd256,,true,,,true,,2026-02-20T18:30:00.000Z,2026-08-11T10:35:20.219Z,,2026-08-11T10:35:12.602Z,PLC,,
69bbe0d813f1f60c57a42061,RB_File[202].Serial_No_VIN_1,string,2961,,SCADA Production_PLC,69bbdb0e5bb2c1f6ff9cd256,,true,,,true,,2026-02-20T18:30:00.000Z,2026-08-11T10:35:20.213Z,,2026-08-11T10:35:12.602Z,PLC,,
69bbe0d813f1f60c57a42062,RB_File[202].Dip_Paint_skid,number,1077,,SCADA Production_PLC,69bbdb0e5bb2c1f6ff9cd256,,true,,,true,,2026-02-20T18:30:00.000Z,2026-08-11T10:35:20.226Z,,2026-08-11T10:35:12.602Z,PLC,,
69bbe0d813f1f60c57a42064,RB_File[203].Cab_Body_Code,string,H1D1,,SCADA Production_PLC,69bbdb485bb2c1f6ff9cd8a0,,true,,,true,,2026-02-20T18:30:00.000Z,2026-08-11T10:35:20.236Z,,2026-08-11T10:35:12.602Z,PLC,,
69bbe0d813f1f60c57a42065,RB_File[203].Serial_No_VIN_1,string,2961,,SCADA Production_PLC,69bbdb485bb2c1f6ff9cd8a0,,true,,,true,,2026-02-20T18:30:00.000Z,2026-08-11T10:35:20.229Z,,2026-08-11T10:35:12.602Z,PLC,,
69bbe0d813f1f60c57a42066,RB_File[203].Dip_Paint_skid,number,1058,,SCADA Production_PLC,69bbdb485bb2c1f6ff9cd8a0,,true,,,true,,2026-02-20T18:30:00.000Z,2026-08-11T10:35:20.242Z,,2026-08-11T10:35:12.602Z,PLC,,
69bbe0d813f1f60c57a42068,RB_File[204].Cab_Body_Code,string,H1S1,,SCADA Production_PLC,69bbdbaa5bb2c1f6ff9ce3a9,,true,,,true,,2026-02-20T18:30:00.000Z,2026-08-11T10:35:20.251Z,,2026-08-11T10:35:12.602Z,PLC,,
69bbe0d813f1f60c57a42069,RB_File[204].Serial_No_VIN_1,string,2961,,SCADA Production_PLC,69bbdbaa5bb2c1f6ff9ce3a9,,true,,,true,,2026-02-20T18:30:00.000Z,2026-08-11T10:35:20.245Z,,2026-08-11T10:35:12.602Z,PLC,,
69bbe0d813f1f60c57a4206a,RB_File[204].Dip_Paint_skid,number,1015,,SCADA Production_PLC,69bbdbaa5bb2c1f6ff9ce3a9,,true,,,true,,2026-02-20T18:30:00.000Z,2026-08-11T10:35:20.258Z,,2026-08-11T10:35:12.602Z,PLC,,
69bbe0d813f1f60c57a4206c,RB_File[205].Cab_Body_Code,string,H1S1,,SCADA Production_PLC,69bbdbe55bb2c1f6ff9cea82,,true,,,true,,2026-02-20T18:30:00.000Z,2026-08-11T10:35:20.267Z,,2026-08-11T10:35:12.602Z,PLC,,
69bbe0d813f1f60c57a4206d,RB_File[205].Serial_No_VIN_1,string,2961,,SCADA Production_PLC,69bbdbe55bb2c1f6ff9cea82,,true,,,true,,2026-02-20T18:30:00.000Z,2026-08-11T10:35:20.261Z,,2026-08-11T10:35:12.602Z,PLC,,
69bbe0d813f1f60c57a4206e,RB_File[205].Dip_Paint_skid,number,1008,,SCADA Production_PLC,69bbdbe55bb2c1f6ff9cea82,,true,,,true,,2026-02-20T18:30:00.000Z,2026-08-11T10:35:20.273Z,,2026-08-11T10:35:12.602Z,PLC,,
69bbe0d813f1f60c57a42070,RB_File[287].Cab_Body_Code,string,,,SCADA Production_PLC,69bbdc275bb2c1f6ff9cf1d2,,true,,,true,,2026-02-20T18:30:00.000Z,2026-08-11T10:35:20.283Z,,2026-08-11T10:35:12.602Z,PLC,,
69bbe0d813f1f60c57a42071,RB_File[287].Serial_No_VIN_1,string,,,SCADA Production_PLC,69bbdc275bb2c1f6ff9cf1d2,,true,,,true,,2026-02-20T18:30:00.000Z,2026-08-11T10:35:20.277Z,,2026-08-11T10:35:12.602Z,PLC,,
69bbe0d813f1f60c57a42072,RB_File[287].Dip_Paint_skid,number,0,,SCADA Production_PLC,69bbdc275bb2c1f6ff9cf1d2,,true,,,true,,2026-02-20T18:30:00.000Z,2026-08-11T10:35:20.289Z,,2026-08-11T10:35:12.602Z,PLC,,
69bbe0d813f1f60c57a42074,RB_File[206].Cab_Body_Code,string,,,SCADA Production_PLC,69bbdc715bb2c1f6ff9cfa51,,true,,,true,,2026-02-20T18:30:00.000Z,2026-08-11T10:35:20.298Z,,2026-08-11T10:35:12.602Z,PLC,,
69bbe0d813f1f60c57a42075,RB_File[206].Serial_No_VIN_1,string,,,SCADA Production_PLC,69bbdc715bb2c1f6ff9cfa51,,true,,,true,,2026-02-20T18:30:00.000Z,2026-08-11T10:35:20.292Z,,2026-08-11T10:35:12.602Z,PLC,,
69bbe0d813f1f60c57a42076,RB_File[206].Dip_Paint_skid,number,0,,SCADA Production_PLC,69bbdc715bb2c1f6ff9cfa51,,true,,,true,,2026-02-20T18:30:00.000Z,2026-08-11T10:35:20.304Z,,2026-08-11T10:35:12.602Z,PLC,,
69bbe0d813f1f60c57a42078,RB_File[207].Cab_Body_Code,string,,,SCADA Production_PLC,69bbdca65bb2c1f6ff9d0014,,true,,,true,,2026-02-20T18:30:00.000Z,2026-08-11T10:35:20.314Z,,2026-08-11T10:35:12.602Z,PLC,,
69bbe0d813f1f60c57a42079,RB_File[207].Serial_No_VIN_1,string,,,SCADA Production_PLC,69bbdca65bb2c1f6ff9d0014,,true,,,true,,2026-02-20T18:30:00.000Z,2026-08-11T10:35:20.308Z,,2026-08-11T10:35:12.602Z,PLC,,
69bbe0d913f1f60c57a4207a,RB_File[207].Dip_Paint_skid,number,0,,SCADA Production_PLC,69bbdca65bb2c1f6ff9d0014,,true,,,true,,2026-02-20T18:30:00.000Z,2026-08-11T10:35:20.320Z,,2026-08-11T10:35:12.602Z,PLC,,
69bbe0d913f1f60c57a4207c,RB_File[208].Cab_Body_Code,string,,,SCADA Production_PLC,69bbdd4f5bb2c1f6ff9d12fd,,true,,,true,,2026-02-20T18:30:00.000Z,2026-08-11T10:35:20.329Z,,2026-08-11T10:35:12.602Z,PLC,,
69bbe0d913f1f60c57a4207d,RB_File[208].Serial_No_VIN_1,string,,,SCADA Production_PLC,69bbdd4f5bb2c1f6ff9d12fd,,true,,,true,,2026-02-20T18:30:00.000Z,2026-08-11T10:35:20.323Z,,2026-08-11T10:35:12.602Z,PLC,,
69bbe0d913f1f60c57a4207e,RB_File[208].Dip_Paint_skid,number,0,,SCADA Production_PLC,69bbdd4f5bb2c1f6ff9d12fd,,true,,,true,,2026-02-20T18:30:00.000Z,2026-08-11T10:35:20.335Z,,2026-08-11T10:35:12.602Z,PLC,,
69bbe0d913f1f60c57a42080,RB_File[209].Cab_Body_Code,string,H1D1,,SCADA Production_PLC,69bbddac5bb2c1f6ff9d1d2b,,true,,,true,,2026-02-20T18:30:00.000Z,2026-08-11T10:35:20.345Z,,2026-08-11T10:35:12.602Z,PLC,,
69bbe0d913f1f60c57a42081,RB_File[209].Serial_No_VIN_1,string,2961,,SCADA Production_PLC,69bbddac5bb2c1f6ff9d1d2b,,true,,,true,,2026-02-20T18:30:00.000Z,2026-08-11T10:35:20.337Z,,2026-08-11T10:35:12.602Z,PLC,,
69bbe0d913f1f60c57a42082,RB_File[209].Dip_Paint_skid,number,1084,,SCADA Production_PLC,69bbddac5bb2c1f6ff9d1d2b,,true,,,true,,2026-02-20T18:30:00.000Z,2026-08-11T10:35:20.354Z,,2026-08-11T10:35:12.602Z,PLC,,
69bbe0d913f1f60c57a42084,RB_File[210].Cab_Body_Code,string,H1S1,,SCADA Production_PLC,69bbde135bb2c1f6ff9d286a,,true,,,true,,2026-02-20T18:30:00.000Z,2026-08-11T10:35:20.364Z,,2026-08-11T10:35:12.602Z,PLC,,
69bbe0d913f1f60c57a42085,RB_File[210].Serial_No_VIN_1,string,2961,,SCADA Production_PLC,69bbde135bb2c1f6ff9d286a,,true,,,true,,2026-02-20T18:30:00.000Z,2026-08-11T10:35:20.357Z,,2026-08-11T10:35:12.602Z,PLC,,
69bbe0d913f1f60c57a42086,RB_File[210].Dip_Paint_skid,number,1012,,SCADA Production_PLC,69bbde135bb2c1f6ff9d286a,,true,,,true,,2026-02-20T18:30:00.000Z,2026-08-11T10:35:20.370Z,,2026-08-11T10:35:12.602Z,PLC,,
69bbe0d913f1f60c57a42088,RB_File[211].Cab_Body_Code,string,,,SCADA Production_PLC,69bbde515bb2c1f6ff9d2f2d,,true,,,true,,2026-02-20T18:30:00.000Z,2026-08-11T10:35:20.381Z,,2026-08-11T10:35:12.602Z,PLC,,
69bbe0d913f1f60c57a42089,RB_File[211].Serial_No_VIN_1,string,,,SCADA Production_PLC,69bbde515bb2c1f6ff9d2f2d,,true,,,true,,2026-02-20T18:30:00.000Z,2026-08-11T10:35:20.374Z,,2026-08-11T10:35:12.602Z,PLC,,
69bbe0d913f1f60c57a4208a,RB_File[211].Dip_Paint_skid,number,0,,SCADA Production_PLC,69bbde515bb2c1f6ff9d2f2d,,true,,,true,,2026-02-20T18:30:00.000Z,2026-08-11T10:35:20.388Z,,2026-08-11T10:35:12.602Z,PLC,,
69bbe0d913f1f60c57a4208c,RB_File[212].Cab_Body_Code,string,,,SCADA Production_PLC,69bbde925bb2c1f6ff9d36fe,,true,,,true,,2026-02-20T18:30:00.000Z,2026-08-11T10:35:20.399Z,,2026-08-11T10:35:12.602Z,PLC,,
69bbe0d913f1f60c57a4208d,RB_File[212].Serial_No_VIN_1,string,,,SCADA Production_PLC,69bbde925bb2c1f6ff9d36fe,,true,,,true,,2026-02-20T18:30:00.000Z,2026-08-11T10:35:20.391Z,,2026-08-11T10:35:12.602Z,PLC,,
69bbe0d913f1f60c57a4208e,RB_File[212].Dip_Paint_skid,number,0,,SCADA Production_PLC,69bbde925bb2c1f6ff9d36fe,,true,,,true,,2026-02-20T18:30:00.000Z,2026-08-11T10:35:20.405Z,,2026-08-11T10:35:12.602Z,PLC,,
69bbe0d913f1f60c57a42090,RB_File[213].Cab_Body_Code,string,,,SCADA Production_PLC,69bbdede5bb2c1f6ff9d3f5b,,true,,,true,,2026-02-20T18:30:00.000Z,2026-08-11T10:35:20.414Z,,2026-08-11T10:35:12.602Z,PLC,,
69bbe0d913f1f60c57a42091,RB_File[213].Serial_No_VIN_1,string,,,SCADA Production_PLC,69bbdede5bb2c1f6ff9d3f5b,,true,,,true,,2026-02-20T18:30:00.000Z,2026-08-11T10:35:20.408Z,,2026-08-11T10:35:12.602Z,PLC,,
69bbe0d913f1f60c57a42092,RB_File[213].Dip_Paint_skid,number,0,,SCADA Production_PLC,69bbdede5bb2c1f6ff9d3f5b,,true,,,true,,2026-02-20T18:30:00.000Z,2026-08-11T10:35:20.421Z,,2026-08-11T10:35:12.602Z,PLC,,
69bbe0d913f1f60c57a42094,RB_File[214].Cab_Body_Code,string,,,SCADA Production_PLC,69bbdf275bb2c1f6ff9d4730,,true,,,true,,2026-02-20T18:30:00.000Z,2026-08-11T10:35:20.430Z,,2026-08-11T10:35:12.602Z,PLC,,
69bbe0d913f1f60c57a42095,RB_File[214].Serial_No_VIN_1,string,,,SCADA Production_PLC,69bbdf275bb2c1f6ff9d4730,,true,,,true,,2026-02-20T18:30:00.000Z,2026-08-11T10:35:20.424Z,,2026-08-11T10:35:12.602Z,PLC,,
69bbe0d913f1f60c57a42096,RB_File[214].Dip_Paint_skid,number,0,,SCADA Production_PLC,69bbdf275bb2c1f6ff9d4730,,true,,,true,,2026-02-20T18:30:00.000Z,2026-08-11T10:35:20.436Z,,2026-08-11T10:35:12.602Z,PLC,,
69bbe0d913f1f60c57a42098,RB_File[215].Cab_Body_Code,string,,,SCADA Production_PLC,69bbdf605bb2c1f6ff9d6e6e,,true,,,true,,2026-02-20T18:30:00.000Z,2026-08-11T10:35:20.445Z,,2026-08-11T10:35:12.602Z,PLC,,
69bbe0d913f1f60c57a42099,RB_File[215].Serial_No_VIN_1,string,,,SCADA Production_PLC,69bbdf605bb2c1f6ff9d6e6e,,true,,,true,,2026-02-20T18:30:00.000Z,2026-08-11T10:35:20.439Z,,2026-08-11T10:35:12.602Z,PLC,,
69bbe0d913f1f60c57a4209a,RB_File[215].Dip_Paint_skid,number,0,,SCADA Production_PLC,69bbdf605bb2c1f6ff9d6e6e,,true,,,true,,2026-02-20T18:30:00.000Z,2026-08-11T10:35:20.452Z,,2026-08-11T10:35:12.602Z,PLC,,
6a7474663d755cea2b457b63,RB_File[172].Serial_No_VIN_2,string,,,SCADA Production_PLC,,,true,,,true,,2026-08-06T11:47:50.232Z,2026-08-11T10:35:19.439Z,0,2026-08-11T10:35:12.602Z,PLC,,
6a7474663d755cea2b457b66,RB_File[173].Serial_No_VIN_2,string,,,SCADA Production_PLC,,,true,,,true,,2026-08-06T11:47:50.238Z,2026-08-11T10:35:19.454Z,0,2026-08-11T10:35:12.602Z,PLC,,
6a7474663d755cea2b457b69,RB_File[174].Serial_No_VIN_2,string,,,SCADA Production_PLC,,,true,,,true,,2026-08-06T11:47:50.240Z,2026-08-11T10:35:19.470Z,0,2026-08-11T10:35:12.602Z,PLC,,
6a7474663d755cea2b457b6c,RB_File[175].Serial_No_VIN_2,string,,,SCADA Production_PLC,,,true,,,true,,2026-08-06T11:47:50.244Z,2026-08-11T10:35:19.485Z,0,2026-08-11T10:35:12.602Z,PLC,,
6a7474663d755cea2b457b6f,RB_File[176].Serial_No_VIN_2,string,08,,SCADA Production_PLC,,,true,,,true,,2026-08-06T11:47:50.249Z,2026-08-11T10:35:19.499Z,0,2026-08-11T10:35:12.602Z,PLC,,
6a7474663d755cea2b457b72,RB_File[177].Serial_No_VIN_2,string,,,SCADA Production_PLC,,,true,,,true,,2026-08-06T11:47:50.252Z,2026-08-11T10:35:19.514Z,0,2026-08-11T10:35:12.602Z,PLC,,
6a7474663d755cea2b457b75,RB_File[178].Serial_No_VIN_2,string,07,,SCADA Production_PLC,,,true,,,true,,2026-08-06T11:47:50.255Z,2026-08-11T10:35:19.531Z,0,2026-08-11T10:35:12.602Z,PLC,,
6a7474663d755cea2b457b78,RB_File[179].Serial_No_VIN_2,string,06,,SCADA Production_PLC,,,true,,,true,,2026-08-06T11:47:50.258Z,2026-08-11T10:35:19.547Z,0,2026-08-11T10:35:12.602Z,PLC,,
6a7474663d755cea2b457b7b,RB_File[180].Serial_No_VIN_2,string,,,SCADA Production_PLC,,,true,,,true,,2026-08-06T11:47:50.261Z,2026-08-11T10:35:19.563Z,0,2026-08-11T10:35:12.602Z,PLC,,
6a7474663d755cea2b457b7e,RB_File[181].Serial_No_VIN_2,string,,,SCADA Production_PLC,,,true,,,true,,2026-08-06T11:47:50.265Z,2026-08-11T10:35:19.579Z,0,2026-08-11T10:35:12.602Z,PLC,,
6a7474663d755cea2b457b81,RB_File[182].Serial_No_VIN_2,string,05,,SCADA Production_PLC,,,true,,,true,,2026-08-06T11:47:50.268Z,2026-08-11T10:35:19.594Z,0,2026-08-11T10:35:12.602Z,PLC,,
6a7474663d755cea2b457b84,RB_File[183].Serial_No_VIN_2,string,,,SCADA Production_PLC,,,true,,,true,,2026-08-06T11:47:50.271Z,2026-08-11T10:35:19.610Z,0,2026-08-11T10:35:12.602Z,PLC,,
6a7474663d755cea2b457b87,RB_File[184].Serial_No_VIN_2,string,,,SCADA Production_PLC,,,true,,,true,,2026-08-06T11:47:50.274Z,2026-08-11T10:35:19.626Z,0,2026-08-11T10:35:12.602Z,PLC,,
6a7474663d755cea2b457b8a,RB_File[185].Serial_No_VIN_2,string,,,SCADA Production_PLC,,,true,,,true,,2026-08-06T11:47:50.277Z,2026-08-11T10:35:19.642Z,0,2026-08-11T10:35:12.602Z,PLC,,
6a7474663d755cea2b457b8d,RB_File[186].Serial_No_VIN_2,string,,,SCADA Production_PLC,,,true,,,true,,2026-08-06T11:47:50.280Z,2026-08-11T10:35:19.658Z,0,2026-08-11T10:35:12.602Z,PLC,,
6a7474663d755cea2b457b90,RB_File[187].Serial_No_VIN_2,string,04,,SCADA Production_PLC,,,true,,,true,,2026-08-06T11:47:50.283Z,2026-08-11T10:35:19.674Z,0,2026-08-11T10:35:12.602Z,PLC,,
6a7474663d755cea2b457b93,RB_File[188].Serial_No_VIN_2,string,,,SCADA Production_PLC,,,true,,,true,,2026-08-06T11:47:50.286Z,2026-08-11T10:35:19.689Z,0,2026-08-11T10:35:12.602Z,PLC,,
6a7474663d755cea2b457b96,RB_File[189].Serial_No_VIN_2,string,03,,SCADA Production_PLC,,,true,,,true,,2026-08-06T11:47:50.289Z,2026-08-11T10:35:19.703Z,0,2026-08-11T10:35:12.602Z,PLC,,
6a7474663d755cea2b457b99,RB_File[190].Serial_No_VIN_2,string,,,SCADA Production_PLC,,,true,,,true,,2026-08-06T11:47:50.292Z,2026-08-11T10:35:19.718Z,0,2026-08-11T10:35:12.602Z,PLC,,
6a7474663d755cea2b457b9c,RB_File[191].Serial_No_VIN_2,string,02,,SCADA Production_PLC,,,true,,,true,,2026-08-06T11:47:50.295Z,2026-08-11T10:35:19.733Z,0,2026-08-11T10:35:12.602Z,PLC,,
6a7474663d755cea2b457b9f,RB_File[192].Serial_No_VIN_2,string,,,SCADA Production_PLC,,,true,,,true,,2026-08-06T11:47:50.298Z,2026-08-11T10:35:19.748Z,0,2026-08-11T10:35:12.602Z,PLC,,
6a7474663d755cea2b457ba2,RB_File[193].Serial_No_VIN_2,string,,,SCADA Production_PLC,,,true,,,true,,2026-08-06T11:47:50.301Z,2026-08-11T10:35:19.764Z,0,2026-08-11T10:35:12.602Z,PLC,,
6a7474663d755cea2b457ba5,RB_File[194].Serial_No_VIN_2,string,,,SCADA Production_PLC,,,true,,,true,,2026-08-06T11:47:50.306Z,2026-08-11T10:35:19.780Z,0,2026-08-11T10:35:12.602Z,PLC,,
6a7474663d755cea2b457ba8,RB_File[195].Serial_No_VIN_2,string,,,SCADA Production_PLC,,,true,,,true,,2026-08-06T11:47:50.309Z,2026-08-11T10:35:19.796Z,0,2026-08-11T10:35:12.602Z,PLC,,
6a7474663d755cea2b457bab,RB_File[167].Serial_No_VIN_2,string,,,SCADA Production_PLC,,,true,,,true,,2026-08-06T11:47:50.312Z,2026-08-11T10:35:19.812Z,0,2026-08-11T10:35:12.602Z,PLC,,
6a7474663d755cea2b457bae,RB_File[168].Serial_No_VIN_2,string,,,SCADA Production_PLC,,,true,,,true,,2026-08-06T11:47:50.315Z,2026-08-11T10:35:19.828Z,0,2026-08-11T10:35:12.602Z,PLC,,
6a7474663d755cea2b457bb1,RB_File[169].Serial_No_VIN_2,string,,,SCADA Production_PLC,,,true,,,true,,2026-08-06T11:47:50.318Z,2026-08-11T10:35:19.844Z,0,2026-08-11T10:35:12.602Z,PLC,,
6a7474663d755cea2b457bb4,RB_File[170].Serial_No_VIN_2,string,,,SCADA Production_PLC,,,true,,,true,,2026-08-06T11:47:50.321Z,2026-08-11T10:35:19.859Z,0,2026-08-11T10:35:12.602Z,PLC,,
6a7474663d755cea2b457bb7,RB_File[171].Serial_No_VIN_2,string,,,SCADA Production_PLC,,,true,,,true,,2026-08-06T11:47:50.325Z,2026-08-11T10:35:19.874Z,0,2026-08-11T10:35:12.602Z,PLC,,
6a7474663d755cea2b457bba,RB_File[196].Serial_No_VIN_2,string,,,SCADA Production_PLC,,,true,,,true,,2026-08-06T11:47:50.328Z,2026-08-11T10:35:19.889Z,0,2026-08-11T10:35:12.602Z,PLC,,
6a7474663d755cea2b457bbd,RB_File[197].Serial_No_VIN_2,string,,,SCADA Production_PLC,,,true,,,true,,2026-08-06T11:47:50.331Z,2026-08-11T10:35:19.904Z,0,2026-08-11T10:35:12.602Z,PLC,,
6a7474663d755cea2b457bc0,RB_File[198].Serial_No_VIN_2,string,,,SCADA Production_PLC,,,true,,,true,,2026-08-06T11:47:50.334Z,2026-08-11T10:35:19.920Z,0,2026-08-11T10:35:12.602Z,PLC,,
6a7474663d755cea2b457bc3,RB_File[199].Serial_No_VIN_2,string,,,SCADA Production_PLC,,,true,,,true,,2026-08-06T11:47:50.338Z,2026-08-11T10:35:19.935Z,0,2026-08-11T10:35:12.602Z,PLC,,
6a7474663d755cea2b457bc6,RB_File[92].Serial_No_VIN_2,string,95,,SCADA Production_PLC,,,true,,,true,,2026-08-06T11:47:50.342Z,2026-08-11T10:35:19.956Z,0,2026-08-11T10:35:12.602Z,PLC,,
6a7474663d755cea2b457bc9,RB_File[93].Serial_No_VIN_2,string,,,SCADA Production_PLC,,,true,,,true,,2026-08-06T11:47:50.346Z,2026-08-11T10:35:19.974Z,0,2026-08-11T10:35:12.602Z,PLC,,
6a7474663d755cea2b457bcc,RB_File[94].Serial_No_VIN_2,string,,,SCADA Production_PLC,,,true,,,true,,2026-08-06T11:47:50.350Z,2026-08-11T10:35:19.991Z,0,2026-08-11T10:35:12.602Z,PLC,,
6a7474663d755cea2b457bcf,RB_File[95].Serial_No_VIN_2,string,,,SCADA Production_PLC,,,true,,,true,,2026-08-06T11:47:50.353Z,2026-08-11T10:35:20.010Z,0,2026-08-11T10:35:12.602Z,PLC,,
6a7474663d755cea2b457bd2,RB_File[96].Serial_No_VIN_2,string,00,,SCADA Production_PLC,,,true,,,true,,2026-08-06T11:47:50.357Z,2026-08-11T10:35:20.026Z,0,2026-08-11T10:35:12.602Z,PLC,,
6a7474663d755cea2b457bd5,RB_File[97].Serial_No_VIN_2,string,01,,SCADA Production_PLC,,,true,,,true,,2026-08-06T11:47:50.360Z,2026-08-11T10:35:20.041Z,0,2026-08-11T10:35:12.602Z,PLC,,
6a7474663d755cea2b457bd8,RB_File[98].Serial_No_VIN_2,string,,,SCADA Production_PLC,,,true,,,true,,2026-08-06T11:47:50.363Z,2026-08-11T10:35:20.056Z,0,2026-08-11T10:35:12.602Z,PLC,,
6a7474663d755cea2b457bdb,RB_File[99].Serial_No_VIN_2,string,,,SCADA Production_PLC,,,true,,,true,,2026-08-06T11:47:50.366Z,2026-08-11T10:35:20.072Z,0,2026-08-11T10:35:12.602Z,PLC,,
6a7474663d755cea2b457bde,RB_File[100].Serial_No_VIN_2,string,,,SCADA Production_PLC,,,true,,,true,,2026-08-06T11:47:50.369Z,2026-08-11T10:35:20.087Z,0,2026-08-11T10:35:12.602Z,PLC,,
6a7474663d755cea2b457be1,RB_File[101].Serial_No_VIN_2,string,,,SCADA Production_PLC,,,true,,,true,,2026-08-06T11:47:50.373Z,2026-08-11T10:35:20.103Z,0,2026-08-11T10:35:12.602Z,PLC,,
6a7474663d755cea2b457be4,RB_File[102].Serial_No_VIN_2,string,,,SCADA Production_PLC,,,true,,,true,,2026-08-06T11:47:50.376Z,2026-08-11T10:35:20.119Z,0,2026-08-11T10:35:12.602Z,PLC,,
6a7474663d755cea2b457be7,RB_File[103].Serial_No_VIN_2,string,,,SCADA Production_PLC,,,true,,,true,,2026-08-06T11:47:50.379Z,2026-08-11T10:35:20.135Z,0,2026-08-11T10:35:12.602Z,PLC,,
6a7474663d755cea2b457bea,RB_File[104].Serial_No_VIN_2,string,,,SCADA Production_PLC,,,true,,,true,,2026-08-06T11:47:50.382Z,2026-08-11T10:35:20.155Z,0,2026-08-11T10:35:12.602Z,PLC,,
6a7474663d755cea2b457bed,RB_File[60].Serial_No_VIN_2,string,,,SCADA Production_PLC,,,true,,,true,,2026-08-06T11:47:50.385Z,2026-08-11T10:35:20.171Z,0,2026-08-11T10:35:12.602Z,PLC,,
6a7474663d755cea2b457bf0,RB_File[61].Serial_No_VIN_2,string,,,SCADA Production_PLC,,,true,,,true,,2026-08-06T11:47:50.388Z,2026-08-11T10:35:20.186Z,0,2026-08-11T10:35:12.602Z,PLC,,
6a7474663d755cea2b457bf3,RB_File[201].Serial_No_VIN_2,string,,,SCADA Production_PLC,,,true,,,true,,2026-08-06T11:47:50.391Z,2026-08-11T10:35:20.200Z,0,2026-08-11T10:35:12.602Z,PLC,,
6a7474663d755cea2b457bf6,RB_File[202].Serial_No_VIN_2,string,65,,SCADA Production_PLC,,,true,,,true,,2026-08-06T11:47:50.394Z,2026-08-11T10:35:20.216Z,0,2026-08-11T10:35:12.602Z,PLC,,
6a7474663d755cea2b457bf9,RB_File[203].Serial_No_VIN_2,string,96,,SCADA Production_PLC,,,true,,,true,,2026-08-06T11:47:50.397Z,2026-08-11T10:35:20.232Z,0,2026-08-11T10:35:12.602Z,PLC,,
6a7474663d755cea2b457bfc,RB_File[204].Serial_No_VIN_2,string,97,,SCADA Production_PLC,,,true,,,true,,2026-08-06T11:47:50.400Z,2026-08-11T10:35:20.248Z,0,2026-08-11T10:35:12.602Z,PLC,,
6a7474663d755cea2b457bff,RB_File[205].Serial_No_VIN_2,string,94,,SCADA Production_PLC,,,true,,,true,,2026-08-06T11:47:50.405Z,2026-08-11T10:35:20.264Z,0,2026-08-11T10:35:12.602Z,PLC,,
6a7474663d755cea2b457c02,RB_File[287].Serial_No_VIN_2,string,,,SCADA Production_PLC,,,true,,,true,,2026-08-06T11:47:50.408Z,2026-08-11T10:35:20.280Z,0,2026-08-11T10:35:12.602Z,PLC,,
6a7474663d755cea2b457c05,RB_File[206].Serial_No_VIN_2,string,,,SCADA Production_PLC,,,true,,,true,,2026-08-06T11:47:50.411Z,2026-08-11T10:35:20.295Z,0,2026-08-11T10:35:12.602Z,PLC,,
6a7474663d755cea2b457c08,RB_File[207].Serial_No_VIN_2,string,,,SCADA Production_PLC,,,true,,,true,,2026-08-06T11:47:50.414Z,2026-08-11T10:35:20.311Z,0,2026-08-11T10:35:12.602Z,PLC,,
6a7474663d755cea2b457c0b,RB_File[208].Serial_No_VIN_2,string,,,SCADA Production_PLC,,,true,,,true,,2026-08-06T11:47:50.417Z,2026-08-11T10:35:20.326Z,0,2026-08-11T10:35:12.602Z,PLC,,
6a7474663d755cea2b457c0e,RB_File[209].Serial_No_VIN_2,string,89,,SCADA Production_PLC,,,true,,,true,,2026-08-06T11:47:50.420Z,2026-08-11T10:35:20.341Z,0,2026-08-11T10:35:12.602Z,PLC,,
6a7474663d755cea2b457c11,RB_File[210].Serial_No_VIN_2,string,91,,SCADA Production_PLC,,,true,,,true,,2026-08-06T11:47:50.423Z,2026-08-11T10:35:20.361Z,0,2026-08-11T10:35:12.602Z,PLC,,
6a7474663d755cea2b457c14,RB_File[211].Serial_No_VIN_2,string,,,SCADA Production_PLC,,,true,,,true,,2026-08-06T11:47:50.426Z,2026-08-11T10:35:20.377Z,0,2026-08-11T10:35:12.602Z,PLC,,
6a7474663d755cea2b457c17,RB_File[212].Serial_No_VIN_2,string,,,SCADA Production_PLC,,,true,,,true,,2026-08-06T11:47:50.429Z,2026-08-11T10:35:20.395Z,0,2026-08-11T10:35:12.602Z,PLC,,
6a7474663d755cea2b457c1a,RB_File[213].Serial_No_VIN_2,string,,,SCADA Production_PLC,,,true,,,true,,2026-08-06T11:47:50.433Z,2026-08-11T10:35:20.411Z,0,2026-08-11T10:35:12.602Z,PLC,,
6a7474663d755cea2b457c1d,RB_File[214].Serial_No_VIN_2,string,,,SCADA Production_PLC,,,true,,,true,,2026-08-06T11:47:50.436Z,2026-08-11T10:35:20.427Z,0,2026-08-11T10:35:12.602Z,PLC,,
6a7474663d755cea2b457c20,RB_File[215].Serial_No_VIN_2,string,,,SCADA Production_PLC,,,true,,,true,,2026-08-06T11:47:50.440Z,2026-08-11T10:35:20.442Z,0,2026-08-11T10:35:12.602Z,PLC,,
6a79b0aed4b586e79e6cbdf5,Presence[1].Pres_M,boolean,true,,PCPA Conveyor Production_PLC,,,true,,,true,,2026-08-10T11:06:22.503Z,2026-08-11T10:35:20.539Z,0,2026-08-11T10:35:12.602Z,PLC,,
6a79b0aed4b586e79e6cbdf8,Presence[2].Pres_M,boolean,false,,PCPA Conveyor Production_PLC,,,true,,,true,,2026-08-10T11:06:22.509Z,2026-08-11T10:35:20.542Z,0,2026-08-11T10:35:12.602Z,PLC,,
6a79b0aed4b586e79e6cbdfb,Presence[3].Pres_M,boolean,true,,PCPA Conveyor Production_PLC,,,true,,,true,,2026-08-10T11:06:22.513Z,2026-08-11T10:35:20.544Z,0,2026-08-11T10:35:12.602Z,PLC,,
6a79b0aed4b586e79e6cbdfe,Presence[4].Pres_M,boolean,false,,PCPA Conveyor Production_PLC,,,true,,,true,,2026-08-10T11:06:22.517Z,2026-08-11T10:35:20.548Z,0,2026-08-11T10:35:12.602Z,PLC,,
6a79b0aed4b586e79e6cbe01,Presence[5].Pres_M,boolean,true,,PCPA Conveyor Production_PLC,,,true,,,true,,2026-08-10T11:06:22.521Z,2026-08-11T10:35:20.551Z,0,2026-08-11T10:35:12.602Z,PLC,,
6a79b0aed4b586e79e6cbe04,Presence[6].Pres_M,boolean,false,,PCPA Conveyor Production_PLC,,,true,,,true,,2026-08-10T11:06:22.525Z,2026-08-11T10:35:20.554Z,0,2026-08-11T10:35:12.602Z,PLC,,
6a79b0aed4b586e79e6cbe07,Presence[7].Pres_M,boolean,true,,PCPA Conveyor Production_PLC,,,true,,,true,,2026-08-10T11:06:22.529Z,2026-08-11T10:35:20.557Z,0,2026-08-11T10:35:12.602Z,PLC,,
6a79b0aed4b586e79e6cbe0a,Presence[8].Pres_M,boolean,true,,PCPA Conveyor Production_PLC,,,true,,,true,,2026-08-10T11:06:22.533Z,2026-08-11T10:35:20.560Z,0,2026-08-11T10:35:12.602Z,PLC,,
6a79b0aed4b586e79e6cbe0d,Presence[9].Pres_M,boolean,false,,PCPA Conveyor Production_PLC,,,true,,,true,,2026-08-10T11:06:22.537Z,2026-08-11T10:35:20.563Z,0,2026-08-11T10:35:12.602Z,PLC,,
6a79b0aed4b586e79e6cbe10,Presence[10].Pres_M,boolean,false,,PCPA Conveyor Production_PLC,,,true,,,true,,2026-08-10T11:06:22.541Z,2026-08-11T10:35:20.566Z,0,2026-08-11T10:35:12.602Z,PLC,,
6a79b0aed4b586e79e6cbe13,Presence[11].Pres_M,boolean,true,,PCPA Conveyor Production_PLC,,,true,,,true,,2026-08-10T11:06:22.545Z,2026-08-11T10:35:20.569Z,0,2026-08-11T10:35:12.602Z,PLC,,
6a79b0aed4b586e79e6cbe16,Presence[12].Pres_M,boolean,false,,PCPA Conveyor Production_PLC,,,true,,,true,,2026-08-10T11:06:22.549Z,2026-08-11T10:35:20.572Z,0,2026-08-11T10:35:12.602Z,PLC,,
6a79b0aed4b586e79e6cbe19,Presence[13].Pres_M,boolean,false,,PCPA Conveyor Production_PLC,,,true,,,true,,2026-08-10T11:06:22.553Z,2026-08-11T10:35:20.575Z,0,2026-08-11T10:35:12.602Z,PLC,,
6a79b0aed4b586e79e6cbe1c,Presence[14].Pres_M,boolean,false,,PCPA Conveyor Production_PLC,,,true,,,true,,2026-08-10T11:06:22.558Z,2026-08-11T10:35:20.578Z,0,2026-08-11T10:35:12.602Z,PLC,,
6a79b0aed4b586e79e6cbe1f,Presence[15].Pres_M,boolean,true,,PCPA Conveyor Production_PLC,,,true,,,true,,2026-08-10T11:06:22.562Z,2026-08-11T10:35:20.581Z,0,2026-08-11T10:35:12.602Z,PLC,,
6a79b0aed4b586e79e6cbe22,Presence[16].Pres_M,boolean,false,,PCPA Conveyor Production_PLC,,,true,,,true,,2026-08-10T11:06:22.567Z,2026-08-11T10:35:20.585Z,0,2026-08-11T10:35:12.602Z,PLC,,
6a79b0aed4b586e79e6cbe25,Presence[17].Pres_M,boolean,true,,PCPA Conveyor Production_PLC,,,true,,,true,,2026-08-10T11:06:22.571Z,2026-08-11T10:35:20.588Z,0,2026-08-11T10:35:12.602Z,PLC,,
6a79b0aed4b586e79e6cbe28,Presence[18].Pres_M,boolean,false,,PCPA Conveyor Production_PLC,,,true,,,true,,2026-08-10T11:06:22.575Z,2026-08-11T10:35:20.591Z,0,2026-08-11T10:35:12.602Z,PLC,,
6a79b0aed4b586e79e6cbe2b,Presence[19].Pres_M,boolean,true,,PCPA Conveyor Production_PLC,,,true,,,true,,2026-08-10T11:06:22.580Z,2026-08-11T10:35:20.594Z,0,2026-08-11T10:35:12.602Z,PLC,,
6a79b0aed4b586e79e6cbe2e,Presence[20].Pres_M,boolean,false,,PCPA Conveyor Production_PLC,,,true,,,true,,2026-08-10T11:06:22.583Z,2026-08-11T10:35:20.597Z,0,2026-08-11T10:35:12.602Z,PLC,,
6a79b0aed4b586e79e6cbe31,Presence[21].Pres_M,boolean,false,,PCPA Conveyor Production_PLC,,,true,,,true,,2026-08-10T11:06:22.587Z,2026-08-11T10:35:20.599Z,0,2026-08-11T10:35:12.602Z,PLC,,
6a79b0aed4b586e79e6cbe34,Presence[22].Pres_M,boolean,false,,PCPA Conveyor Production_PLC,,,true,,,true,,2026-08-10T11:06:22.590Z,2026-08-11T10:35:20.602Z,0,2026-08-11T10:35:12.602Z,PLC,,
6a79b0aed4b586e79e6cbe37,Presence[23].Pres_M,boolean,true,,PCPA Conveyor Production_PLC,,,true,,,true,,2026-08-10T11:06:22.594Z,2026-08-11T10:35:20.605Z,0,2026-08-11T10:35:12.602Z,PLC,,
6a79b0aed4b586e79e6cbe3a,Presence[24].Pres_M,boolean,true,,PCPA Conveyor Production_PLC,,,true,,,true,,2026-08-10T11:06:22.598Z,2026-08-11T10:35:20.608Z,0,2026-08-11T10:35:12.602Z,PLC,,
6a7aea0f63f1464aeb04c017,RB_File[172].Color_Code1,string,,,SCADA Production_PLC,,,true,,,true,,2026-08-11T09:23:27.863Z,2026-08-11T10:35:19.445Z,0,2026-08-11T10:35:12.602Z,PLC,,
6a7aea0f63f1464aeb04c022,RB_File[173].Color_Code1,string,,,SCADA Production_PLC,,,true,,,true,,2026-08-11T09:23:27.882Z,2026-08-11T10:35:19.461Z,0,2026-08-11T10:35:12.602Z,PLC,,
6a7aea0f63f1464aeb04c027,RB_File[174].Serial_No_VIN_1,string,,,SCADA Production_PLC,,,true,,,true,,2026-08-11T09:23:27.889Z,2026-08-11T10:35:19.467Z,0,2026-08-11T10:35:12.602Z,PLC,,
6a7aea0f63f1464aeb04c02c,RB_File[174].Cab_Body_Code,string,,,SCADA Production_PLC,,,true,,,true,,2026-08-11T09:23:27.897Z,2026-08-11T10:35:19.473Z,0,2026-08-11T10:35:12.602Z,PLC,,
6a7aea0f63f1464aeb04c02f,RB_File[174].Color_Code1,string,,,SCADA Production_PLC,,,true,,,true,,2026-08-11T09:23:27.900Z,2026-08-11T10:35:19.475Z,0,2026-08-11T10:35:12.602Z,PLC,,
6a7aea0f63f1464aeb04c032,RB_File[174].Dip_Paint_skid,number,0,,SCADA Production_PLC,,,true,,,true,,2026-08-11T09:23:27.903Z,2026-08-11T10:35:19.479Z,0,2026-08-11T10:35:12.602Z,PLC,,
6a7aea0f63f1464aeb04c03b,RB_File[175].Color_Code1,string,,,SCADA Production_PLC,,,true,,,true,,2026-08-11T09:23:27.915Z,2026-08-11T10:35:19.490Z,0,2026-08-11T10:35:12.602Z,PLC,,
6a7aea0f63f1464aeb04c040,RB_File[176].Serial_No_VIN_1,string,2962,,SCADA Production_PLC,,,true,,,true,,2026-08-11T09:23:27.920Z,2026-08-11T10:35:19.496Z,0,2026-08-11T10:35:12.602Z,PLC,,
6a7aea0f63f1464aeb04c045,RB_File[176].Cab_Body_Code,string,H1D1,,SCADA Production_PLC,,,true,,,true,,2026-08-11T09:23:27.926Z,2026-08-11T10:35:19.503Z,0,2026-08-11T10:35:12.602Z,PLC,,
6a7aea0f63f1464aeb04c048,RB_File[176].Color_Code1,string,AW1K,,SCADA Production_PLC,,,true,,,true,,2026-08-11T09:23:27.929Z,2026-08-11T10:35:19.506Z,0,2026-08-11T10:35:12.602Z,PLC,,
6a7aea0f63f1464aeb04c04b,RB_File[176].Dip_Paint_skid,number,1014,,SCADA Production_PLC,,,true,,,true,,2026-08-11T09:23:27.933Z,2026-08-11T10:35:19.509Z,0,2026-08-11T10:35:12.602Z,PLC,,
6a7aea0f63f1464aeb04c054,RB_File[177].Color_Code1,string,,,SCADA Production_PLC,,,true,,,true,,2026-08-11T09:23:27.946Z,2026-08-11T10:35:19.521Z,0,2026-08-11T10:35:12.602Z,PLC,,
6a7aea0f63f1464aeb04c05f,RB_File[178].Color_Code1,string,AW1K,,SCADA Production_PLC,,,true,,,true,,2026-08-11T09:23:27.960Z,2026-08-11T10:35:19.538Z,0,2026-08-11T10:35:12.602Z,PLC,,
6a7aea0f63f1464aeb04c06a,RB_File[179].Color_Code1,string,AY1K,,SCADA Production_PLC,,,true,,,true,,2026-08-11T09:23:27.975Z,2026-08-11T10:35:19.553Z,0,2026-08-11T10:35:12.602Z,PLC,,
6a7aea0f63f1464aeb04c06f,RB_File[180].Serial_No_VIN_1,string,,,SCADA Production_PLC,,,true,,,true,,2026-08-11T09:23:27.982Z,2026-08-11T10:35:19.560Z,0,2026-08-11T10:35:12.602Z,PLC,,
6a7aea0f63f1464aeb04c074,RB_File[180].Cab_Body_Code,string,,,SCADA Production_PLC,,,true,,,true,,2026-08-11T09:23:27.988Z,2026-08-11T10:35:19.565Z,0,2026-08-11T10:35:12.602Z,PLC,,
6a7aea0f63f1464aeb04c077,RB_File[180].Color_Code1,string,,,SCADA Production_PLC,,,true,,,true,,2026-08-11T09:23:27.991Z,2026-08-11T10:35:19.568Z,0,2026-08-11T10:35:12.602Z,PLC,,
6a7aea0f63f1464aeb04c07a,RB_File[180].Dip_Paint_skid,number,0,,SCADA Production_PLC,,,true,,,true,,2026-08-11T09:23:27.994Z,2026-08-11T10:35:19.572Z,0,2026-08-11T10:35:12.602Z,PLC,,
6a7aea1063f1464aeb04c083,RB_File[181].Color_Code1,string,,,SCADA Production_PLC,,,true,,,true,,2026-08-11T09:23:28.007Z,2026-08-11T10:35:19.585Z,0,2026-08-11T10:35:12.602Z,PLC,,
6a7aea1063f1464aeb04c08e,RB_File[182].Color_Code1,string,AW1K,,SCADA Production_PLC,,,true,,,true,,2026-08-11T09:23:28.022Z,2026-08-11T10:35:19.601Z,0,2026-08-11T10:35:12.602Z,PLC,,
6a7aea1063f1464aeb04c099,RB_File[183].Color_Code1,string,,,SCADA Production_PLC,,,true,,,true,,2026-08-11T09:23:28.038Z,2026-08-11T10:35:19.617Z,0,2026-08-11T10:35:12.602Z,PLC,,
6a7aea1063f1464aeb04c09e,RB_File[184].Serial_No_VIN_1,string,,,SCADA Production_PLC,,,true,,,true,,2026-08-11T09:23:28.044Z,2026-08-11T10:35:19.623Z,0,2026-08-11T10:35:12.602Z,PLC,,
6a7aea1063f1464aeb04c0a3,RB_File[184].Cab_Body_Code,string,,,SCADA Production_PLC,,,true,,,true,,2026-08-11T09:23:28.050Z,2026-08-11T10:35:19.629Z,0,2026-08-11T10:35:12.602Z,PLC,,
6a7aea1063f1464aeb04c0a6,RB_File[184].Color_Code1,string,,,SCADA Production_PLC,,,true,,,true,,2026-08-11T09:23:28.054Z,2026-08-11T10:35:19.633Z,0,2026-08-11T10:35:12.602Z,PLC,,
6a7aea1063f1464aeb04c0a9,RB_File[184].Dip_Paint_skid,number,0,,SCADA Production_PLC,,,true,,,true,,2026-08-11T09:23:28.057Z,2026-08-11T10:35:19.636Z,0,2026-08-11T10:35:12.602Z,PLC,,
6a7aea1063f1464aeb04c0ac,RB_File[185].Serial_No_VIN_1,string,,,SCADA Production_PLC,,,true,,,true,,2026-08-11T09:23:28.060Z,2026-08-11T10:35:19.639Z,0,2026-08-11T10:35:12.602Z,PLC,,
6a7aea1063f1464aeb04c0b1,RB_File[185].Cab_Body_Code,string,,,SCADA Production_PLC,,,true,,,true,,2026-08-11T09:23:28.066Z,2026-08-11T10:35:19.645Z,0,2026-08-11T10:35:12.602Z,PLC,,
6a7aea1063f1464aeb04c0b4,RB_File[185].Color_Code1,string,,,SCADA Production_PLC,,,true,,,true,,2026-08-11T09:23:28.069Z,2026-08-11T10:35:19.648Z,0,2026-08-11T10:35:12.602Z,PLC,,
6a7aea1063f1464aeb04c0b7,RB_File[185].Dip_Paint_skid,number,0,,SCADA Production_PLC,,,true,,,true,,2026-08-11T09:23:28.072Z,2026-08-11T10:35:19.652Z,0,2026-08-11T10:35:12.602Z,PLC,,
6a7aea1063f1464aeb04c0ba,RB_File[186].Serial_No_VIN_1,string,,,SCADA Production_PLC,,,true,,,true,,2026-08-11T09:23:28.075Z,2026-08-11T10:35:19.655Z,0,2026-08-11T10:35:12.602Z,PLC,,
6a7aea1063f1464aeb04c0bf,RB_File[186].Cab_Body_Code,string,,,SCADA Production_PLC,,,true,,,true,,2026-08-11T09:23:28.082Z,2026-08-11T10:35:19.661Z,0,2026-08-11T10:35:12.602Z,PLC,,
6a7aea1063f1464aeb04c0c2,RB_File[186].Color_Code1,string,,,SCADA Production_PLC,,,true,,,true,,2026-08-11T09:23:28.085Z,2026-08-11T10:35:19.665Z,0,2026-08-11T10:35:12.602Z,PLC,,
6a7aea1063f1464aeb04c0c5,RB_File[186].Dip_Paint_skid,number,0,,SCADA Production_PLC,,,true,,,true,,2026-08-11T09:23:28.088Z,2026-08-11T10:35:19.668Z,0,2026-08-11T10:35:12.602Z,PLC,,
6a7aea1063f1464aeb04c0ce,RB_File[187].Color_Code1,string,AW1K,,SCADA Production_PLC,,,true,,,true,,2026-08-11T09:23:28.101Z,2026-08-11T10:35:19.680Z,0,2026-08-11T10:35:12.602Z,PLC,,
6a7aea1063f1464aeb04c0d3,RB_File[188].Serial_No_VIN_1,string,,,SCADA Production_PLC,,,true,,,true,,2026-08-11T09:23:28.108Z,2026-08-11T10:35:19.686Z,0,2026-08-11T10:35:12.602Z,PLC,,
6a7aea1063f1464aeb04c0d8,RB_File[188].Cab_Body_Code,string,,,SCADA Production_PLC,,,true,,,true,,2026-08-11T09:23:28.116Z,2026-08-11T10:35:19.692Z,0,2026-08-11T10:35:12.602Z,PLC,,
6a7aea1063f1464aeb04c0db,RB_File[188].Color_Code1,string,,,SCADA Production_PLC,,,true,,,true,,2026-08-11T09:23:28.121Z,2026-08-11T10:35:19.695Z,0,2026-08-11T10:35:12.602Z,PLC,,
6a7aea1063f1464aeb04c0de,RB_File[188].Dip_Paint_skid,number,0,,SCADA Production_PLC,,,true,,,true,,2026-08-11T09:23:28.125Z,2026-08-11T10:35:19.698Z,0,2026-08-11T10:35:12.602Z,PLC,,
6a7aea1063f1464aeb04c0e7,RB_File[189].Color_Code1,string,AW1K,,SCADA Production_PLC,,,true,,,true,,2026-08-11T09:23:28.137Z,2026-08-11T10:35:19.709Z,0,2026-08-11T10:35:12.602Z,PLC,,
6a7aea1063f1464aeb04c0f2,RB_File[190].Color_Code1,string,,,SCADA Production_PLC,,,true,,,true,,2026-08-11T09:23:28.153Z,2026-08-11T10:35:19.724Z,0,2026-08-11T10:35:12.602Z,PLC,,
6a7aea1063f1464aeb04c0f7,RB_File[191].Serial_No_VIN_1,string,2962,,SCADA Production_PLC,,,true,,,true,,2026-08-11T09:23:28.159Z,2026-08-11T10:35:19.730Z,0,2026-08-11T10:35:12.602Z,PLC,,
6a7aea1063f1464aeb04c0fc,RB_File[191].Cab_Body_Code,string,H1D1,,SCADA Production_PLC,,,true,,,true,,2026-08-11T09:23:28.167Z,2026-08-11T10:35:19.736Z,0,2026-08-11T10:35:12.602Z,PLC,,
6a7aea1063f1464aeb04c0ff,RB_File[191].Color_Code1,string,AW1K,,SCADA Production_PLC,,,true,,,true,,2026-08-11T09:23:28.170Z,2026-08-11T10:35:19.739Z,0,2026-08-11T10:35:12.602Z,PLC,,
6a7aea1063f1464aeb04c102,RB_File[191].Dip_Paint_skid,number,1075,,SCADA Production_PLC,,,true,,,true,,2026-08-11T09:23:28.174Z,2026-08-11T10:35:19.742Z,0,2026-08-11T10:35:12.602Z,PLC,,
6a7aea1063f1464aeb04c10b,RB_File[192].Color_Code1,string,,,SCADA Production_PLC,,,true,,,true,,2026-08-11T09:23:28.186Z,2026-08-11T10:35:19.754Z,0,2026-08-11T10:35:12.602Z,PLC,,
6a7aea1063f1464aeb04c110,RB_File[193].Serial_No_VIN_1,string,,,SCADA Production_PLC,,,true,,,true,,2026-08-11T09:23:28.194Z,2026-08-11T10:35:19.760Z,0,2026-08-11T10:35:12.602Z,PLC,,
6a7aea1063f1464aeb04c115,RB_File[193].Cab_Body_Code,string,,,SCADA Production_PLC,,,true,,,true,,2026-08-11T09:23:28.201Z,2026-08-11T10:35:19.767Z,0,2026-08-11T10:35:12.602Z,PLC,,
6a7aea1063f1464aeb04c118,RB_File[193].Color_Code1,string,,,SCADA Production_PLC,,,true,,,true,,2026-08-11T09:23:28.204Z,2026-08-11T10:35:19.770Z,0,2026-08-11T10:35:12.602Z,PLC,,
6a7aea1063f1464aeb04c11b,RB_File[193].Dip_Paint_skid,number,0,,SCADA Production_PLC,,,true,,,true,,2026-08-11T09:23:28.207Z,2026-08-11T10:35:19.774Z,0,2026-08-11T10:35:12.602Z,PLC,,
6a7aea1063f1464aeb04c11e,RB_File[194].Serial_No_VIN_1,string,,,SCADA Production_PLC,,,true,,,true,,2026-08-11T09:23:28.211Z,2026-08-11T10:35:19.777Z,0,2026-08-11T10:35:12.602Z,PLC,,
6a7aea1063f1464aeb04c123,RB_File[194].Cab_Body_Code,string,,,SCADA Production_PLC,,,true,,,true,,2026-08-11T09:23:28.217Z,2026-08-11T10:35:19.784Z,0,2026-08-11T10:35:12.602Z,PLC,,
6a7aea1063f1464aeb04c126,RB_File[194].Color_Code1,string,,,SCADA Production_PLC,,,true,,,true,,2026-08-11T09:23:28.220Z,2026-08-11T10:35:19.787Z,0,2026-08-11T10:35:12.602Z,PLC,,
6a7aea1063f1464aeb04c129,RB_File[194].Dip_Paint_skid,number,0,,SCADA Production_PLC,,,true,,,true,,2026-08-11T09:23:28.223Z,2026-08-11T10:35:19.790Z,0,2026-08-11T10:35:12.602Z,PLC,,
6a7aea1063f1464aeb04c12c,RB_File[195].Serial_No_VIN_1,string,,,SCADA Production_PLC,,,true,,,true,,2026-08-11T09:23:28.226Z,2026-08-11T10:35:19.793Z,0,2026-08-11T10:35:12.602Z,PLC,,
6a7aea1063f1464aeb04c131,RB_File[195].Cab_Body_Code,string,,,SCADA Production_PLC,,,true,,,true,,2026-08-11T09:23:28.233Z,2026-08-11T10:35:19.799Z,0,2026-08-11T10:35:12.602Z,PLC,,
6a7aea1063f1464aeb04c134,RB_File[195].Color_Code1,string,,,SCADA Production_PLC,,,true,,,true,,2026-08-11T09:23:28.236Z,2026-08-11T10:35:19.802Z,0,2026-08-11T10:35:12.602Z,PLC,,
6a7aea1063f1464aeb04c137,RB_File[195].Dip_Paint_skid,number,0,,SCADA Production_PLC,,,true,,,true,,2026-08-11T09:23:28.239Z,2026-08-11T10:35:19.806Z,0,2026-08-11T10:35:12.602Z,PLC,,
6a7aea1063f1464aeb04c13a,RB_File[167].Serial_No_VIN_1,string,,,SCADA Production_PLC,,,true,,,true,,2026-08-11T09:23:28.242Z,2026-08-11T10:35:19.809Z,0,2026-08-11T10:35:12.602Z,PLC,,
6a7aea1063f1464aeb04c13f,RB_File[167].Cab_Body_Code,string,,,SCADA Production_PLC,,,true,,,true,,2026-08-11T09:23:28.248Z,2026-08-11T10:35:19.814Z,0,2026-08-11T10:35:12.602Z,PLC,,
6a7aea1063f1464aeb04c142,RB_File[167].Color_Code1,string,,,SCADA Production_PLC,,,true,,,true,,2026-08-11T09:23:28.250Z,2026-08-11T10:35:19.818Z,0,2026-08-11T10:35:12.602Z,PLC,,
6a7aea1063f1464aeb04c145,RB_File[167].Dip_Paint_skid,number,0,,SCADA Production_PLC,,,true,,,true,,2026-08-11T09:23:28.253Z,2026-08-11T10:35:19.822Z,0,2026-08-11T10:35:12.602Z,PLC,,
6a7aea1063f1464aeb04c148,RB_File[168].Serial_No_VIN_1,string,,,SCADA Production_PLC,,,true,,,true,,2026-08-11T09:23:28.255Z,2026-08-11T10:35:19.825Z,0,2026-08-11T10:35:12.602Z,PLC,,
6a7aea1063f1464aeb04c14d,RB_File[168].Cab_Body_Code,string,,,SCADA Production_PLC,,,true,,,true,,2026-08-11T09:23:28.261Z,2026-08-11T10:35:19.831Z,0,2026-08-11T10:35:12.602Z,PLC,,
6a7aea1063f1464aeb04c150,RB_File[168].Color_Code1,string,,,SCADA Production_PLC,,,true,,,true,,2026-08-11T09:23:28.264Z,2026-08-11T10:35:19.834Z,0,2026-08-11T10:35:12.602Z,PLC,,
6a7aea1063f1464aeb04c153,RB_File[168].Dip_Paint_skid,number,0,,SCADA Production_PLC,,,true,,,true,,2026-08-11T09:23:28.267Z,2026-08-11T10:35:19.837Z,0,2026-08-11T10:35:12.602Z,PLC,,
6a7aea1063f1464aeb04c156,RB_File[169].Serial_No_VIN_1,string,,,SCADA Production_PLC,,,true,,,true,,2026-08-11T09:23:28.270Z,2026-08-11T10:35:19.841Z,0,2026-08-11T10:35:12.602Z,PLC,,
6a7aea1063f1464aeb04c15b,RB_File[169].Cab_Body_Code,string,,,SCADA Production_PLC,,,true,,,true,,2026-08-11T09:23:28.275Z,2026-08-11T10:35:19.847Z,0,2026-08-11T10:35:12.602Z,PLC,,
6a7aea1063f1464aeb04c15e,RB_File[169].Color_Code1,string,,,SCADA Production_PLC,,,true,,,true,,2026-08-11T09:23:28.278Z,2026-08-11T10:35:19.849Z,0,2026-08-11T10:35:12.602Z,PLC,,
6a7aea1063f1464aeb04c161,RB_File[169].Dip_Paint_skid,number,0,,SCADA Production_PLC,,,true,,,true,,2026-08-11T09:23:28.280Z,2026-08-11T10:35:19.853Z,0,2026-08-11T10:35:12.602Z,PLC,,
6a7aea1063f1464aeb04c164,RB_File[170].Serial_No_VIN_1,string,,,SCADA Production_PLC,,,true,,,true,,2026-08-11T09:23:28.283Z,2026-08-11T10:35:19.856Z,0,2026-08-11T10:35:12.602Z,PLC,,
6a7aea1063f1464aeb04c169,RB_File[170].Cab_Body_Code,string,,,SCADA Production_PLC,,,true,,,true,,2026-08-11T09:23:28.289Z,2026-08-11T10:35:19.862Z,0,2026-08-11T10:35:12.602Z,PLC,,
6a7aea1063f1464aeb04c16c,RB_File[170].Color_Code1,string,,,SCADA Production_PLC,,,true,,,true,,2026-08-11T09:23:28.292Z,2026-08-11T10:35:19.865Z,0,2026-08-11T10:35:12.602Z,PLC,,
6a7aea1063f1464aeb04c16f,RB_File[170].Dip_Paint_skid,number,0,,SCADA Production_PLC,,,true,,,true,,2026-08-11T09:23:28.295Z,2026-08-11T10:35:19.868Z,0,2026-08-11T10:35:12.602Z,PLC,,
6a7aea1063f1464aeb04c172,RB_File[171].Serial_No_VIN_1,string,,,SCADA Production_PLC,,,true,,,true,,2026-08-11T09:23:28.297Z,2026-08-11T10:35:19.870Z,0,2026-08-11T10:35:12.602Z,PLC,,
6a7aea1063f1464aeb04c177,RB_File[171].Cab_Body_Code,string,,,SCADA Production_PLC,,,true,,,true,,2026-08-11T09:23:28.303Z,2026-08-11T10:35:19.877Z,0,2026-08-11T10:35:12.602Z,PLC,,
6a7aea1063f1464aeb04c17a,RB_File[171].Color_Code1,string,,,SCADA Production_PLC,,,true,,,true,,2026-08-11T09:23:28.306Z,2026-08-11T10:35:19.880Z,0,2026-08-11T10:35:12.602Z,PLC,,
6a7aea1063f1464aeb04c17d,RB_File[171].Dip_Paint_skid,number,0,,SCADA Production_PLC,,,true,,,true,,2026-08-11T09:23:28.309Z,2026-08-11T10:35:19.883Z,0,2026-08-11T10:35:12.602Z,PLC,,
6a7aea1063f1464aeb04c180,RB_File[196].Serial_No_VIN_1,string,,,SCADA Production_PLC,,,true,,,true,,2026-08-11T09:23:28.312Z,2026-08-11T10:35:19.886Z,0,2026-08-11T10:35:12.602Z,PLC,,
6a7aea1063f1464aeb04c185,RB_File[196].Cab_Body_Code,string,,,SCADA Production_PLC,,,true,,,true,,2026-08-11T09:23:28.318Z,2026-08-11T10:35:19.892Z,0,2026-08-11T10:35:12.602Z,PLC,,
6a7aea1063f1464aeb04c188,RB_File[196].Color_Code1,string,,,SCADA Production_PLC,,,true,,,true,,2026-08-11T09:23:28.320Z,2026-08-11T10:35:19.895Z,0,2026-08-11T10:35:12.602Z,PLC,,
6a7aea1063f1464aeb04c18b,RB_File[196].Dip_Paint_skid,number,0,,SCADA Production_PLC,,,true,,,true,,2026-08-11T09:23:28.323Z,2026-08-11T10:35:19.898Z,0,2026-08-11T10:35:12.602Z,PLC,,
6a7aea1063f1464aeb04c18e,RB_File[197].Serial_No_VIN_1,string,,,SCADA Production_PLC,,,true,,,true,,2026-08-11T09:23:28.325Z,2026-08-11T10:35:19.901Z,0,2026-08-11T10:35:12.602Z,PLC,,
6a7aea1063f1464aeb04c193,RB_File[197].Cab_Body_Code,string,,,SCADA Production_PLC,,,true,,,true,,2026-08-11T09:23:28.332Z,2026-08-11T10:35:19.907Z,0,2026-08-11T10:35:12.602Z,PLC,,
6a7aea1063f1464aeb04c196,RB_File[197].Color_Code1,string,,,SCADA Production_PLC,,,true,,,true,,2026-08-11T09:23:28.335Z,2026-08-11T10:35:19.910Z,0,2026-08-11T10:35:12.602Z,PLC,,
6a7aea1063f1464aeb04c199,RB_File[197].Dip_Paint_skid,number,0,,SCADA Production_PLC,,,true,,,true,,2026-08-11T09:23:28.338Z,2026-08-11T10:35:19.914Z,0,2026-08-11T10:35:12.602Z,PLC,,
6a7aea1063f1464aeb04c19c,RB_File[198].Serial_No_VIN_1,string,,,SCADA Production_PLC,,,true,,,true,,2026-08-11T09:23:28.341Z,2026-08-11T10:35:19.917Z,0,2026-08-11T10:35:12.602Z,PLC,,
6a7aea1063f1464aeb04c1a1,RB_File[198].Cab_Body_Code,string,,,SCADA Production_PLC,,,true,,,true,,2026-08-11T09:23:28.346Z,2026-08-11T10:35:19.923Z,0,2026-08-11T10:35:12.602Z,PLC,,
6a7aea1063f1464aeb04c1a4,RB_File[198].Color_Code1,string,,,SCADA Production_PLC,,,true,,,true,,2026-08-11T09:23:28.349Z,2026-08-11T10:35:19.926Z,0,2026-08-11T10:35:12.602Z,PLC,,
6a7aea1063f1464aeb04c1a7,RB_File[198].Dip_Paint_skid,number,0,,SCADA Production_PLC,,,true,,,true,,2026-08-11T09:23:28.352Z,2026-08-11T10:35:19.929Z,0,2026-08-11T10:35:12.602Z,PLC,,
6a7aea1063f1464aeb04c1aa,RB_File[199].Serial_No_VIN_1,string,,,SCADA Production_PLC,,,true,,,true,,2026-08-11T09:23:28.355Z,2026-08-11T10:35:19.932Z,0,2026-08-11T10:35:12.602Z,PLC,,
6a7aea1063f1464aeb04c1af,RB_File[199].Cab_Body_Code,string,,,SCADA Production_PLC,,,true,,,true,,2026-08-11T09:23:28.361Z,2026-08-11T10:35:19.943Z,0,2026-08-11T10:35:12.602Z,PLC,,
6a7aea1063f1464aeb04c1b2,RB_File[199].Color_Code1,string,,,SCADA Production_PLC,,,true,,,true,,2026-08-11T09:23:28.365Z,2026-08-11T10:35:19.946Z,0,2026-08-11T10:35:12.602Z,PLC,,
6a7aea1063f1464aeb04c1b5,RB_File[199].Dip_Paint_skid,number,0,,SCADA Production_PLC,,,true,,,true,,2026-08-11T09:23:28.368Z,2026-08-11T10:35:19.949Z,0,2026-08-11T10:35:12.602Z,PLC,,
6a7aea1063f1464aeb04c1b8,RB_File[92].Serial_No_VIN_1,string,2961,,SCADA Production_PLC,,,true,,,true,,2026-08-11T09:23:28.372Z,2026-08-11T10:35:19.953Z,0,2026-08-11T10:35:12.602Z,PLC,,
6a7aea1063f1464aeb04c1bd,RB_File[92].Cab_Body_Code,string,H1S1,,SCADA Production_PLC,,,true,,,true,,2026-08-11T09:23:28.378Z,2026-08-11T10:35:19.960Z,0,2026-08-11T10:35:12.602Z,PLC,,
6a7aea1063f1464aeb04c1c0,RB_File[92].Color_Code1,string,AW1K,,SCADA Production_PLC,,,true,,,true,,2026-08-11T09:23:28.381Z,2026-08-11T10:35:19.963Z,0,2026-08-11T10:35:12.602Z,PLC,,
6a7aea1063f1464aeb04c1c3,RB_File[92].Dip_Paint_skid,number,1078,,SCADA Production_PLC,,,true,,,true,,2026-08-11T09:23:28.384Z,2026-08-11T10:35:19.967Z,0,2026-08-11T10:35:12.602Z,PLC,,
6a7aea1063f1464aeb04c1c6,RB_File[93].Serial_No_VIN_1,string,,,SCADA Production_PLC,,,true,,,true,,2026-08-11T09:23:28.387Z,2026-08-11T10:35:19.971Z,0,2026-08-11T10:35:12.602Z,PLC,,
6a7aea1063f1464aeb04c1cb,RB_File[93].Cab_Body_Code,string,,,SCADA Production_PLC,,,true,,,true,,2026-08-11T09:23:28.394Z,2026-08-11T10:35:19.979Z,0,2026-08-11T10:35:12.602Z,PLC,,
6a7aea1063f1464aeb04c1ce,RB_File[93].Color_Code1,string,,,SCADA Production_PLC,,,true,,,true,,2026-08-11T09:23:28.396Z,2026-08-11T10:35:19.982Z,0,2026-08-11T10:35:12.602Z,PLC,,
6a7aea1063f1464aeb04c1d1,RB_File[93].Dip_Paint_skid,number,0,,SCADA Production_PLC,,,true,,,true,,2026-08-11T09:23:28.399Z,2026-08-11T10:35:19.985Z,0,2026-08-11T10:35:12.602Z,PLC,,
6a7aea1063f1464aeb04c1da,RB_File[94].Color_Code1,string,,,SCADA Production_PLC,,,true,,,true,,2026-08-11T09:23:28.411Z,2026-08-11T10:35:19.999Z,0,2026-08-11T10:35:12.602Z,PLC,,
6a7aea1063f1464aeb04c1e5,RB_File[95].Color_Code1,string,,,SCADA Production_PLC,,,true,,,true,,2026-08-11T09:23:28.427Z,2026-08-11T10:35:20.016Z,0,2026-08-11T10:35:12.602Z,PLC,,
6a7aea1063f1464aeb04c1f0,RB_File[96].Color_Code1,string,AW1K,,SCADA Production_PLC,,,true,,,true,,2026-08-11T09:23:28.441Z,2026-08-11T10:35:20.032Z,0,2026-08-11T10:35:12.602Z,PLC,,
6a7aea1063f1464aeb04c1fb,RB_File[97].Color_Code1,string,AY1K,,SCADA Production_PLC,,,true,,,true,,2026-08-11T09:23:28.455Z,2026-08-11T10:35:20.047Z,0,2026-08-11T10:35:12.602Z,PLC,,
6a7aea1063f1464aeb04c206,RB_File[98].Color_Code1,string,,,SCADA Production_PLC,,,true,,,true,,2026-08-11T09:23:28.471Z,2026-08-11T10:35:20.063Z,0,2026-08-11T10:35:12.602Z,PLC,,
6a7aea1063f1464aeb04c211,RB_File[99].Color_Code1,string,,,SCADA Production_PLC,,,true,,,true,,2026-08-11T09:23:28.486Z,2026-08-11T10:35:20.078Z,0,2026-08-11T10:35:12.602Z,PLC,,
6a7aea1063f1464aeb04c21c,RB_File[100].Color_Code1,string,,,SCADA Production_PLC,,,true,,,true,,2026-08-11T09:23:28.501Z,2026-08-11T10:35:20.095Z,0,2026-08-11T10:35:12.602Z,PLC,,
6a7aea1063f1464aeb04c227,RB_File[101].Color_Code1,string,,,SCADA Production_PLC,,,true,,,true,,2026-08-11T09:23:28.517Z,2026-08-11T10:35:20.110Z,0,2026-08-11T10:35:12.602Z,PLC,,
6a7aea1063f1464aeb04c232,RB_File[102].Color_Code1,string,,,SCADA Production_PLC,,,true,,,true,,2026-08-11T09:23:28.533Z,2026-08-11T10:35:20.125Z,0,2026-08-11T10:35:12.602Z,PLC,,
6a7aea1063f1464aeb04c23d,RB_File[103].Color_Code1,string,,,SCADA Production_PLC,,,true,,,true,,2026-08-11T09:23:28.548Z,2026-08-11T10:35:20.144Z,0,2026-08-11T10:35:12.602Z,PLC,,
6a7aea1063f1464aeb04c248,RB_File[104].Color_Code1,string,,,SCADA Production_PLC,,,true,,,true,,2026-08-11T09:23:28.563Z,2026-08-11T10:35:20.161Z,0,2026-08-11T10:35:12.602Z,PLC,,
6a7aea1063f1464aeb04c253,RB_File[60].Color_Code1,string,,,SCADA Production_PLC,,,true,,,true,,2026-08-11T09:23:28.578Z,2026-08-11T10:35:20.177Z,0,2026-08-11T10:35:12.602Z,PLC,,
6a7aea1063f1464aeb04c25e,RB_File[61].Color_Code1,string,,,SCADA Production_PLC,,,true,,,true,,2026-08-11T09:23:28.594Z,2026-08-11T10:35:20.192Z,0,2026-08-11T10:35:12.602Z,PLC,,
6a7aea1063f1464aeb04c269,RB_File[201].Color_Code1,string,,,SCADA Production_PLC,,,true,,,true,,2026-08-11T09:23:28.609Z,2026-08-11T10:35:20.206Z,0,2026-08-11T10:35:12.602Z,PLC,,
6a7aea1063f1464aeb04c274,RB_File[202].Color_Code1,string,AW1K,,SCADA Production_PLC,,,true,,,true,,2026-08-11T09:23:28.624Z,2026-08-11T10:35:20.222Z,0,2026-08-11T10:35:12.602Z,PLC,,
6a7aea1063f1464aeb04c27f,RB_File[203].Color_Code1,string,AY1K,,SCADA Production_PLC,,,true,,,true,,2026-08-11T09:23:28.638Z,2026-08-11T10:35:20.239Z,0,2026-08-11T10:35:12.602Z,PLC,,
6a7aea1063f1464aeb04c28a,RB_File[204].Color_Code1,string,AW1K,,SCADA Production_PLC,,,true,,,true,,2026-08-11T09:23:28.653Z,2026-08-11T10:35:20.254Z,0,2026-08-11T10:35:12.602Z,PLC,,
6a7aea1063f1464aeb04c295,RB_File[205].Color_Code1,string,AW1K,,SCADA Production_PLC,,,true,,,true,,2026-08-11T09:23:28.668Z,2026-08-11T10:35:20.270Z,0,2026-08-11T10:35:12.602Z,PLC,,
6a7aea1063f1464aeb04c2a0,RB_File[287].Color_Code1,string,,,SCADA Production_PLC,,,true,,,true,,2026-08-11T09:23:28.684Z,2026-08-11T10:35:20.286Z,0,2026-08-11T10:35:12.602Z,PLC,,
6a7aea1063f1464aeb04c2ab,RB_File[206].Color_Code1,string,,,SCADA Production_PLC,,,true,,,true,,2026-08-11T09:23:28.701Z,2026-08-11T10:35:20.301Z,0,2026-08-11T10:35:12.602Z,PLC,,
6a7aea1063f1464aeb04c2b6,RB_File[207].Color_Code1,string,,,SCADA Production_PLC,,,true,,,true,,2026-08-11T09:23:28.717Z,2026-08-11T10:35:20.317Z,0,2026-08-11T10:35:12.602Z,PLC,,
6a7aea1063f1464aeb04c2c1,RB_File[208].Color_Code1,string,,,SCADA Production_PLC,,,true,,,true,,2026-08-11T09:23:28.732Z,2026-08-11T10:35:20.332Z,0,2026-08-11T10:35:12.602Z,PLC,,
6a7aea1063f1464aeb04c2cc,RB_File[209].Color_Code1,string,AY1K,,SCADA Production_PLC,,,true,,,true,,2026-08-11T09:23:28.747Z,2026-08-11T10:35:20.350Z,0,2026-08-11T10:35:12.602Z,PLC,,
6a7aea1063f1464aeb04c2d7,RB_File[210].Color_Code1,string,AW1K,,SCADA Production_PLC,,,true,,,true,,2026-08-11T09:23:28.762Z,2026-08-11T10:35:20.367Z,0,2026-08-11T10:35:12.602Z,PLC,,
6a7aea1063f1464aeb04c2e2,RB_File[211].Color_Code1,string,,,SCADA Production_PLC,,,true,,,true,,2026-08-11T09:23:28.777Z,2026-08-11T10:35:20.384Z,0,2026-08-11T10:35:12.602Z,PLC,,
6a7aea1063f1464aeb04c2ed,RB_File[212].Color_Code1,string,,,SCADA Production_PLC,,,true,,,true,,2026-08-11T09:23:28.793Z,2026-08-11T10:35:20.402Z,0,2026-08-11T10:35:12.602Z,PLC,,
6a7aea1063f1464aeb04c2f8,RB_File[213].Color_Code1,string,,,SCADA Production_PLC,,,true,,,true,,2026-08-11T09:23:28.808Z,2026-08-11T10:35:20.418Z,0,2026-08-11T10:35:12.602Z,PLC,,
6a7aea1063f1464aeb04c303,RB_File[214].Color_Code1,string,,,SCADA Production_PLC,,,true,,,true,,2026-08-11T09:23:28.823Z,2026-08-11T10:35:20.433Z,0,2026-08-11T10:35:12.602Z,PLC,,
6a7aea1063f1464aeb04c30e,RB_File[215].Color_Code1,string,,,SCADA Production_PLC,,,true,,,true,,2026-08-11T09:23:28.838Z,2026-08-11T10:35:20.448Z,0,2026-08-11T10:35:12.602Z,PLC,,
6a7af0a263f1464aeb071e3f,Hanger_RFID_Data[2],string,HA08,,PCPA Conveyor Production_PLC,,,true,,,true,,2026-08-11T09:51:30.537Z,2026-08-11T10:35:20.467Z,0,2026-08-11T10:35:12.602Z,PLC,,
6a7af0a263f1464aeb071e46,Hanger_RFID_Data[5],string,,,PCPA Conveyor Production_PLC,,,true,,,true,,2026-08-11T09:51:30.550Z,2026-08-11T10:35:20.477Z,0,2026-08-11T10:35:12.602Z,PLC,,
6a7af0a263f1464aeb071e4f,Hanger_RFID_Data[9],string,,,PCPA Conveyor Production_PLC,,,true,,,true,,2026-08-11T09:51:30.566Z,2026-08-11T10:35:20.492Z,0,2026-08-11T10:35:12.602Z,PLC,,
6a7af0e163f1464aeb0739a8,Hanger_RFID_Data[13],string,,,PCPA Conveyor Production_PLC,,,true,,,true,,2026-08-11T09:52:33.590Z,2026-08-11T10:35:20.504Z,0,2026-08-11T10:35:12.602Z,PLC,,
6a7af0e163f1464aeb0739ab,Hanger_RFID_Data[14],string,,,PCPA Conveyor Production_PLC,,,true,,,true,,2026-08-11T09:52:33.594Z,2026-08-11T10:35:20.507Z,0,2026-08-11T10:35:12.602Z,PLC,,
6a7af0e163f1464aeb0739ae,Hanger_RFID_Data[15],string,HA03,,PCPA Conveyor Production_PLC,,,true,,,true,,2026-08-11T09:52:33.598Z,2026-08-11T10:35:20.510Z,0,2026-08-11T10:35:12.602Z,PLC,,
6a7af0e163f1464aeb0739b3,Hanger_RFID_Data[17],string,HA05,,PCPA Conveyor Production_PLC,,,true,,,true,,2026-08-11T09:52:33.605Z,2026-08-11T10:35:20.516Z,0,2026-08-11T10:35:12.602Z,PLC,,
6a7af0e163f1464aeb0739ba,Hanger_RFID_Data[20],string,,,PCPA Conveyor Production_PLC,,,true,,,true,,2026-08-11T09:52:33.615Z,2026-08-11T10:35:20.526Z,0,2026-08-11T10:35:12.602Z,PLC,,
6a7af0e163f1464aeb0739bf,Hanger_RFID_Data[22],string,,,PCPA Conveyor Production_PLC,,,true,,,true,,2026-08-11T09:52:33.621Z,2026-08-11T10:35:20.532Z,0,2026-08-11T10:35:12.602Z,PLC,,
6a7af0e163f1464aeb0739c2,Hanger_RFID_Data[23],string,HA10,,PCPA Conveyor Production_PLC,,,true,,,true,,2026-08-11T09:52:33.624Z,2026-08-11T10:35:20.536Z,0,2026-08-11T10:35:12.602Z,PLC,,
