_id,tagname,datatype,latestValue,unit,plcName,assetId[0],assetId[1],assetId[2],isActive,ranges.minValue,ranges.maxValue,health,plcMetadata.dbAddress,createdAt,updatedAt,__v,plcMeta.dbaddress,source,ranges,plcMetadata.type,plcMetadata.refreshInterval,plcMetadata.retentionWindow,plcMetadata.module,plcMetadata.output,plcMetaData.dbAddress
699426acbfb07d6db09a0507,Spray Pressure Top DS,REAL,1.0288,Bar,DEFAULT_PLC,699449bbbfb07d6db09adb14,,,true,0.9,1.1,true,01,2026-02-17T08:28:28.621Z,2026-02-21T18:29:59.000Z,0,,,,,,,,,
699426acbfb07d6db09a050a,Spray Pressure Bottom DS,REAL,0.9294,Bar,DEFAULT_PLC,699449bbbfb07d6db09adb14,,,true,0.9,1.1,true,01,2026-02-17T08:28:28.640Z,2026-02-21T18:29:59.000Z,0,,,,,,,,,
699426acbfb07d6db09a050d,Bath Temperature DS,REAL,53.794,Celsius,DEFAULT_PLC,699442ffbfb07d6db09ab184,,,true,50,60,true,01,2026-02-17T08:28:28.642Z,2026-02-21T18:29:59.000Z,0,,,,,,,,,
699426acbfb07d6db09a0510,Heat Exchanger A DeltaP DS,REAL,0.3084,Bar,DEFAULT_PLC,69944aecbfb07d6db09ae3c4,,,true,0,0.7,true,01,2026-02-17T08:28:28.644Z,2026-02-21T18:29:59.000Z,0,,,,,,,,,
699426acbfb07d6db09a0513,Heat Exchanger B DeltaP DS,REAL,0.1926,Bar,DEFAULT_PLC,,,,true,0,0.7,true,01,2026-02-17T08:28:28.645Z,2026-02-21T18:29:59.000Z,0,,,,,,,,,
699426acbfb07d6db09a0516,Bag Filter DeltaP DS,REAL,0.3405,Bar,DEFAULT_PLC,69944be7bfb07d6db09aeab8,69944c47bfb07d6db09aedbe,,true,0,0.8,true,01,2026-02-17T08:28:28.647Z,2026-02-21T18:29:59.000Z,0,,,,,,,,,
699426acbfb07d6db09a0519,Free Alkali DS,REAL,17.6298,Points,DEFAULT_PLC,699442ffbfb07d6db09ab184,,,true,16,19,true,01,2026-02-17T08:28:28.649Z,2026-02-21T18:29:59.000Z,0,,,,,,,,,
699426acbfb07d6db09a051c,Oil Content DS,REAL,0.3277,-,DEFAULT_PLC,,,,true,0,1,true,01,2026-02-17T08:28:28.650Z,2026-02-21T18:29:59.000Z,0,,,,,,,,,
699426acbfb07d6db09a051f,Cyclone Inlet Pressure DS,REAL,2.2276,Bar,DEFAULT_PLC,69944b6abfb07d6db09ae741,,,true,2,2.4,true,01,2026-02-17T08:28:28.652Z,2026-02-21T18:29:59.000Z,0,,,,,,,,,
699426acbfb07d6db09a0522,Cyclone DeltaP DS,REAL,0.4801,Bar,DEFAULT_PLC,69944b6abfb07d6db09ae741,,,true,0,0.8,true,01,2026-02-17T08:28:28.654Z,2026-02-21T18:29:59.000Z,0,,,,,,,,,
699426acbfb07d6db09a0525,Oil Separator Temperature DS,REAL,82.0748,Celsius,DEFAULT_PLC,69944c9dbfb07d6db09af041,,,true,80,85,true,01,2026-02-17T08:28:28.655Z,2026-02-21T18:29:59.000Z,0,,,,,,,,,
699426acbfb07d6db09a0528,Oil Separator Flow DS,REAL,12.8012,LPM,DEFAULT_PLC,69944c9dbfb07d6db09af041,,,true,10,15,true,01,2026-02-17T08:28:28.657Z,2026-02-21T18:29:59.000Z,0,,,,,,,,,
699426acbfb07d6db09a052b,Bath Temperature DD,REAL,55.1084,Celsius,DEFAULT_PLC,69944f54bfb07d6db09b01fb,,,true,52,58,true,01,2026-02-17T08:28:28.658Z,2026-02-21T18:29:59.000Z,0,,,,,,,,,
699426acbfb07d6db09a052e,Circulation Pressure LH DD,REAL,1.2165,Bar,DEFAULT_PLC,6994507abfb07d6db09b09d2,,,true,1,1.4,true,01,2026-02-17T08:28:28.659Z,2026-02-21T18:29:59.000Z,0,,,,,,,,,
699426acbfb07d6db09a0531,Circulation Pressure RH DD,REAL,1.1727,Bar,DEFAULT_PLC,6994507abfb07d6db09b09d2,,,true,1,1.4,true,01,2026-02-17T08:28:28.660Z,2026-02-21T18:29:59.000Z,0,,,,,,,,,
699426acbfb07d6db09a0534,Spray Pressure LH DD,REAL,1.035,Bar,DEFAULT_PLC,,,,true,0.9,1.1,true,01,2026-02-17T08:28:28.662Z,2026-02-21T18:29:59.000Z,0,,,,,,,,,
699426acbfb07d6db09a0537,Spray Pressure RH DD,REAL,0.9866,Bar,DEFAULT_PLC,,,,true,0.9,1.1,true,01,2026-02-17T08:28:28.663Z,2026-02-21T18:29:59.000Z,0,,,,,,,,,
699426acbfb07d6db09a053a,Heat Exchanger A DeltaP DD,REAL,0.4742,Bar,DEFAULT_PLC,699452f3bfb07d6db09b1a8e,,,true,0,0.7,true,01,2026-02-17T08:28:28.665Z,2026-02-21T18:29:59.000Z,0,,,,,,,,,
699426acbfb07d6db09a053d,Heat Exchanger B DeltaP DD,REAL,0.3985,Bar,DEFAULT_PLC,,,,true,0,0.7,true,01,2026-02-17T08:28:28.666Z,2026-02-21T18:29:59.000Z,0,,,,,,,,,
699426acbfb07d6db09a0540,Bag Filter DeltaP DD,REAL,0.408,Bar,DEFAULT_PLC,69945261bfb07d6db09b1674,,,true,0,0.8,true,01,2026-02-17T08:28:28.667Z,2026-02-21T18:29:59.000Z,0,,,,,,,,,
699426acbfb07d6db09a0543,Free Alkali DD,REAL,17.7784,Points,DEFAULT_PLC,69944f54bfb07d6db09b01fb,,,true,16,19,true,01,2026-02-17T08:28:28.669Z,2026-02-21T18:29:59.000Z,0,,,,,,,,,
699426acbfb07d6db09a0546,Oil Content DD,REAL,0.6473,-,DEFAULT_PLC,,,,true,0,1,true,01,2026-02-17T08:28:28.670Z,2026-02-21T18:29:59.000Z,0,,,,,,,,,
699426acbfb07d6db09a0549,Exit Spray Flow DD,REAL,182.1465,Points,DEFAULT_PLC,699451ffbfb07d6db09b13a2,,,true,160,200,true,01,2026-02-17T08:28:28.671Z,2026-02-21T18:29:59.000Z,0,,,,,,,,,
699426acbfb07d6db09a054c,Cyclone DeltaP DD,REAL,0.4983,Bar,DEFAULT_PLC,6994507abfb07d6db09b09d2,,,true,0,0.8,true,01,2026-02-17T08:28:28.673Z,2026-02-21T18:29:59.000Z,0,,,,,,,,,
699426acbfb07d6db09a054f,Cyclone Inlet Pressure DD,REAL,2.1786,Bar,DEFAULT_PLC,6994507abfb07d6db09b09d2,,,true,2,2.4,true,01,2026-02-17T08:28:28.674Z,2026-02-21T18:29:59.000Z,0,,,,,,,,,
699426acbfb07d6db09a0552,Circulation Pressure LH DD,REAL,2.8287,Bar,DEFAULT_PLC,6994507abfb07d6db09b09d2,,,true,2.6,3,true,01,2026-02-17T08:28:28.675Z,2026-02-21T18:29:59.000Z,0,,,,,,,,,
699426acbfb07d6db09a0555,Spray Top Pressure WR1,REAL,0.9361,Bar,DEFAULT_PLC,6994551fbfb07d6db09b2912,,,true,0.8,1,true,01,2026-02-17T08:28:28.676Z,2026-02-21T18:29:59.000Z,0,,,,,,,,,
699426acbfb07d6db09a0558,Spray Bottom Pressure WR1,REAL,0.8033,Bar,DEFAULT_PLC,6994551fbfb07d6db09b2912,,,true,0.7,0.9,true,01,2026-02-17T08:28:28.677Z,2026-02-21T18:29:59.000Z,0,,,,,,,,,
699426acbfb07d6db09a055b,Spray Top Pressure WR2,REAL,0.9047,Bar,DEFAULT_PLC,69945755bfb07d6db09b384f,,,true,0.8,1,true,01,2026-02-17T08:28:28.679Z,2026-02-21T18:29:59.000Z,0,,,,,,,,,
699426acbfb07d6db09a055e,Spray Bottom Pressure WR2,REAL,0.82,Bar,DEFAULT_PLC,69945755bfb07d6db09b384f,,,true,0.7,0.9,true,01,2026-02-17T08:28:28.681Z,2026-02-21T18:29:59.000Z,0,,,,,,,,,
699426acbfb07d6db09a0561,DI Water Spray Flow WR12,REAL,62.3423,Points,DEFAULT_PLC,699457cfbfb07d6db09b3bbd,,,true,60,65,true,01,2026-02-17T08:28:28.682Z,2026-02-21T18:29:59.000Z,0,,,,,,,,,
699426acbfb07d6db09a0564,Free Alkali WR1,REAL,4.0274,Points,DEFAULT_PLC,699453adbfb07d6db09b1fa9,,,true,0,5,true,01,2026-02-17T08:28:28.683Z,2026-02-21T18:29:59.000Z,0,,,,,,,,,
699426acbfb07d6db09a0567,Water Transfer To Degrease,REAL,16.4798,LPM,DEFAULT_PLC,69945604bfb07d6db09b2f26,,,true,14,18,true,01,2026-02-17T08:28:28.685Z,2026-02-21T18:29:59.000Z,0,,,,,,,,,
699426acbfb07d6db09a056a,Free Alkali WR2,REAL,0.7365,Points,DEFAULT_PLC,699456b7bfb07d6db09b33ce,,,true,0,2,true,01,2026-02-17T08:28:28.686Z,2026-02-21T18:29:59.000Z,0,,,,,,,,,
699426acbfb07d6db09a056d,Circulation Pressure LH Activation,REAL,1.0123,Bar,DEFAULT_PLC,69945a5fbfb07d6db09b4d20,,,true,0.8,1.2,true,01,2026-02-17T08:28:28.687Z,2026-02-21T18:29:59.000Z,0,,,,,,,,,
699426acbfb07d6db09a0570,Circulation Pressure Bottom Activation,REAL,2.0415,Bar,DEFAULT_PLC,69945a5fbfb07d6db09b4d20,,,true,1.8,2.2,true,01,2026-02-17T08:28:28.688Z,2026-02-21T18:29:59.000Z,0,,,,,,,,,
699426acbfb07d6db09a0573,Total Concentration Activation,REAL,3.4051,Bar,DEFAULT_PLC,69945999bfb07d6db09b4779,,,true,3,3.9,true,01,2026-02-17T08:28:28.689Z,2026-02-21T18:29:59.000Z,0,,,,,,,,,
699426acbfb07d6db09a0576,PH Activation,REAL,10.1605,Bar,DEFAULT_PLC,699459e7bfb07d6db09b49d3,,,true,9,11,true,01,2026-02-17T08:28:28.690Z,2026-02-21T18:29:59.000Z,0,,,,,,,,,
699426acbfb07d6db09a0579,Exit Spray Flow Activation,REAL,177.2545,Points,DEFAULT_PLC,69945adfbfb07d6db09b50c1,,,true,160,200,true,01,2026-02-17T08:28:28.692Z,2026-02-21T18:29:59.000Z,0,,,,,,,,,
699426acbfb07d6db09a057c,Bath Temperature Phosphating,REAL,41.7746,Celsius,DEFAULT_PLC,69945c42bfb07d6db09b59eb,,,true,40,45,true,01,2026-02-17T08:28:28.693Z,2026-02-21T18:29:59.000Z,0,,,,,,,,,
699426acbfb07d6db09a057f,Circulation Pressure LH Phosphating,REAL,1.0265,Bar,DEFAULT_PLC,69945df6bfb07d6db09b655a,,,true,1,1.4,true,01,2026-02-17T08:28:28.694Z,2026-02-21T18:29:59.000Z,0,,,,,,,,,
699426acbfb07d6db09a0582,Circulation Pressure RH Phosphating,REAL,1.1077,Bar,DEFAULT_PLC,69945df6bfb07d6db09b655a,,,true,1,1.4,true,01,2026-02-17T08:28:28.695Z,2026-02-21T18:29:59.000Z,0,,,,,,,,,
699426acbfb07d6db09a0585,Circulation Pressure Bottom 1 Phosphating,REAL,1.4671,Bar,DEFAULT_PLC,69945df6bfb07d6db09b655a,,,true,1.2,1.6,true,01,2026-02-17T08:28:28.697Z,2026-02-21T18:29:59.000Z,0,,,,,,,,,
699426acbfb07d6db09a0588,Circulation Pressure Bottom 2 Phosphating,REAL,1.3588,Bar,DEFAULT_PLC,69945df6bfb07d6db09b655a,,,true,1.2,1.6,true,01,2026-02-17T08:28:28.698Z,2026-02-21T18:29:59.000Z,0,,,,,,,,,
699426acbfb07d6db09a058b,Total Acidity Phosphating,REAL,23.0105,Points,DEFAULT_PLC,69945c42bfb07d6db09b59eb,,,true,22,24,true,01,2026-02-17T08:28:28.699Z,2026-02-21T18:29:59.000Z,0,,,,,,,,,
699426acbfb07d6db09a058e,Free Acidity Phosphating,REAL,1.0883,Points,DEFAULT_PLC,69945c42bfb07d6db09b59eb,,,true,0.7,1.2,true,01,2026-02-17T08:28:28.700Z,2026-02-21T18:29:59.000Z,0,,,,,,,,,
699426acbfb07d6db09a0591,Accelerator Content Phosphating,REAL,3.431,Points,DEFAULT_PLC,69945fbcbfb07d6db09b709c,,,true,3,4,true,01,2026-02-17T08:28:28.701Z,2026-02-21T18:29:59.000Z,0,,,,,,,,,
699426acbfb07d6db09a0594,Hot Water Circuit Temperature Phosphating,REAL,55.1194,Celsius,DEFAULT_PLC,69945d3cbfb07d6db09b6079,,,true,45,65,true,01,2026-02-17T08:28:28.703Z,2026-02-21T18:29:59.000Z,0,,,,,,,,,
699426acbfb07d6db09a0597,Heat Exchanger A DeltaP Phosphating,REAL,0.3637,Bar,DEFAULT_PLC,,,,true,0,1,true,01,2026-02-17T08:28:28.704Z,2026-02-21T18:29:59.000Z,0,,,,,,,,,
699426acbfb07d6db09a059a,Circulation Pressure Hopper Phosphating,REAL,1.5988,Bar,DEFAULT_PLC,69945df6bfb07d6db09b655a,,,true,1.2,1.6,true,01,2026-02-17T08:28:28.705Z,2026-02-21T18:29:59.000Z,0,,,,,,,,,
699426acbfb07d6db09a059d,Exit Spray Flow Phosphating,REAL,180.5446,Points,DEFAULT_PLC,69946031bfb07d6db09b73f5,,,true,160,200,true,01,2026-02-17T08:28:28.706Z,2026-02-21T18:29:59.000Z,0,,,,,,,,,
699426acbfb07d6db09a05a0,Heat Exchanger Pressure Loss Phosphating,REAL,0.272,Bar,DEFAULT_PLC,6994608dbfb07d6db09b76af,,,true,0,0.8,true,01,2026-02-17T08:28:28.707Z,2026-02-21T18:29:59.000Z,0,,,,,,,,,
699426acbfb07d6db09a05a3,Filter Inlet Flow Phosphating,REAL,0.433,Points,DEFAULT_PLC,,,,true,0,1,true,01,2026-02-17T08:28:28.708Z,2026-02-21T18:29:59.000Z,0,,,,,,,,,
699426acbfb07d6db09a05a6,Spray Top Pressure WR3,REAL,1.0428,Bar,DEFAULT_PLC,69946223bfb07d6db09b8212,,,true,0.9,1.2,true,01,2026-02-17T08:28:28.709Z,2026-02-21T18:29:59.000Z,0,,,,,,,,,
699426acbfb07d6db09a05a9,Spray Bottom Pressure WR3,REAL,1.0139,Bar,DEFAULT_PLC,69946223bfb07d6db09b8212,,,true,0.9,1.2,true,01,2026-02-17T08:28:28.711Z,2026-02-21T18:29:59.000Z,0,,,,,,,,,
699426acbfb07d6db09a05ac,Spray Top Pressure WR4,REAL,1.0349,Bar,DEFAULT_PLC,69946308bfb07d6db09b8832,,,true,0.9,1.2,true,01,2026-02-17T08:28:28.712Z,2026-02-21T18:29:59.000Z,0,,,,,,,,,
699426acbfb07d6db09a05af,Spray Bottom Pressure WR4,REAL,0.9189,Bar,DEFAULT_PLC,69946308bfb07d6db09b8832,,,true,0.8,1.1,true,01,2026-02-17T08:28:28.713Z,2026-02-21T18:29:59.000Z,0,,,,,,,,,
699426acbfb07d6db09a05b2,DI Water Spray Flow WR34,REAL,114.4323,Points,DEFAULT_PLC,,,,true,100,120,true,01,2026-02-17T08:28:28.714Z,2026-02-21T18:29:59.000Z,0,,,,,,,,,
699426acbfb07d6db09a05b5,Total Acidity WR34,REAL,1.0728,Points,DEFAULT_PLC,699461c1bfb07d6db09b7f34,,,true,0,2,true,01,2026-02-17T08:28:28.715Z,2026-02-21T18:29:59.000Z,0,,,,,,,,,
699426acbfb07d6db09a05b8,Circulation Pressure LH WR5,REAL,1.1346,Bar,DEFAULT_PLC,699464abbfb07d6db09b9354,,,true,1,1.4,true,01,2026-02-17T08:28:28.716Z,2026-02-21T18:29:59.000Z,0,,,,,,,,,
699426acbfb07d6db09a05bb,Circulation Pressure Bottom WR5,REAL,1.2254,Bar,DEFAULT_PLC,699464abbfb07d6db09b9354,,,true,1,1.4,true,01,2026-02-17T08:28:28.717Z,2026-02-21T18:29:59.000Z,0,,,,,,,,,
699426acbfb07d6db09a05be,Exit Spray Flow WR5,REAL,173.626,Points,DEFAULT_PLC,6994655abfb07d6db09b9823,,,true,160,200,true,01,2026-02-17T08:28:28.719Z,2026-02-21T18:29:59.000Z,0,,,,,,,,,
699426acbfb07d6db09a05c1,Conductivity WR5,REAL,13.59,us/cm,DEFAULT_PLC,6994643dbfb07d6db09b903f,,,true,0,30,true,01,2026-02-17T08:28:28.720Z,2026-02-21T18:29:59.000Z,0,,,,,,,,,
699426acbfb07d6db09a05c4,PH WR5,REAL,6.9754,-,DEFAULT_PLC,,,,true,6,7.5,true,01,2026-02-17T08:28:28.721Z,2026-02-21T18:29:59.000Z,0,,,,,,,,,
699426acbfb07d6db09a05c7,PH DI Water,REAL,6.774,-,DEFAULT_PLC,,,,true,6,7.5,true,01,2026-02-17T08:28:28.722Z,2026-02-21T18:29:59.000Z,0,,,,,,,,,
699426acbfb07d6db09a05ca,Conductivity DI Water,REAL,3.4264,Âµs/cm,DEFAULT_PLC,699465fcbfb07d6db09b9cb4,69957309d67b1b79cf7df80f,,true,0,10,true,01,2026-02-17T08:28:28.724Z,2026-02-21T18:29:59.000Z,0,,,,,,,,,
699426acbfb07d6db09a05cd,DI Water Spray Flow DI Water,REAL,144.5938,Bar,DEFAULT_PLC,69946641bfb07d6db09b9ee0,,,true,110,180,true,01,2026-02-17T08:28:28.725Z,2026-02-21T18:29:59.000Z,0,,,,,,,,,
699426acbfb07d6db09a05d0,Inlet Flow Meter DI Water,REAL,123.8424,Points,DEFAULT_PLC,,,,true,100,150,true,01,2026-02-17T08:28:28.726Z,2026-02-21T18:29:59.000Z,0,,,,,,,,,
699426acbfb07d6db09a05d3,Header Line Pressure DI Water,REAL,0.554,Bar,DEFAULT_PLC,,,,true,0,1,true,01,2026-02-17T08:28:28.727Z,2026-02-21T18:29:59.000Z,0,,,,,,,,,
699426acbfb07d6db09a05d6,Exit Spray Flow DI Water,REAL,130.1742,Points,DEFAULT_PLC,,,,true,100,150,true,01,2026-02-17T08:28:28.729Z,2026-02-21T18:29:59.000Z,0,,,,,,,,,
699d4202f5083ba9ea270c9e,Bool_Counter_Tag,BOOL,1,,,,,,true,,,true,01,2026-02-24T06:15:30.335Z,2026-02-24T06:15:30.335Z,0,,,,,,,,,
699d799befe574e9bb720cce,Solids content ED Bath,REAL,22.5831,%,DEFAULT_PLC,699ef1f343857e02442746a5,,,true,22,24,true,,2026-02-24T15:42:43.719Z,2026-02-28T18:29:59.000Z,,1,,,,,,,,
699d799eefe574e9bb735e4f,Ash Content ED Bath,REAL,23.205,-,DEFAULT_PLC,699ef1f343857e02442746a5,,,true,20,24,true,,2026-02-24T15:42:43.719Z,2026-02-28T18:29:59.000Z,,1,,,,,,,,
699d79a1efe574e9bb74afd0,PH ED Bath,REAL,5.8077,-,DEFAULT_PLC,699ef1f343857e02442746a5,,,true,5.5,6.1,true,,2026-02-24T15:42:43.719Z,2026-02-28T18:29:59.000Z,,1,,,,,,,,
699d79a4efe574e9bb760151,Conductivity ED Bath,REAL,1454.7702,µS/cm,DEFAULT_PLC,699ef1f343857e02442746a5,,,true,1200,2400,true,,2026-02-24T15:42:43.719Z,2026-02-28T18:29:59.000Z,,1,,,,,,,,
699d79a7efe574e9bb7752d2,MEQ ED Bath,REAL,27.8626,mmol,DEFAULT_PLC,699ef1f343857e02442746a5,,,true,23,31,true,,2026-02-24T15:42:43.719Z,2026-02-28T18:29:59.000Z,,1,,,,,,,,
699d79a9efe574e9bb78a453,Bath Level ED Bath,REAL,212.79,cm,DEFAULT_PLC,699ef1f343857e02442746a5,,,true,200,240,true,,2026-02-24T15:42:43.719Z,2026-02-28T18:29:59.000Z,,1,,,,,,,,
699d79acefe574e9bb79f5d4,Bath Temperature ED Bath,REAL,31.0034,°C,DEFAULT_PLC,699ef1f343857e02442746a5,,,true,30,32,true,,2026-02-24T15:42:43.719Z,2026-02-28T18:29:59.000Z,,1,,,,,,,,
699d79afefe574e9bb7b4755,Circulation pressure Bottom 1 ED Bath,REAL,1.8477,bar,DEFAULT_PLC,699573c8d67b1b79cf7dfcf7,,,true,1.6,2,true,,2026-02-24T15:42:43.719Z,2026-02-28T18:29:59.000Z,,1,,,,,,,,
699d79b1efe574e9bb7c98d6,Circulation pressure Bottom 2 ED Bath,REAL,1.8085,bar,DEFAULT_PLC,699573c8d67b1b79cf7dfcf7,,,true,1.6,2,true,,2026-02-24T15:42:43.719Z,2026-02-28T18:29:59.000Z,,1,,,,,,,,
699d79b4efe574e9bb7dea57,Circulation pressure Bottom 3 ED Bath,REAL,1.8285,bar,DEFAULT_PLC,699573c8d67b1b79cf7dfcf7,,,true,1.6,2,true,,2026-02-24T15:42:43.719Z,2026-02-28T18:29:59.000Z,,1,,,,,,,,
699d79b6efe574e9bb7f3bd8,Circulation pressure Bottom 4 ED Bath,REAL,1.7576,bar,DEFAULT_PLC,699573c8d67b1b79cf7dfcf7,,,true,1.6,2,true,,2026-02-24T15:42:43.719Z,2026-02-28T18:29:59.000Z,,1,,,,,,,,
699d79b9efe574e9bb808d59,Circulation pressure Inlet Wall ED Bath,REAL,2.0176,bar,DEFAULT_PLC,699573c8d67b1b79cf7dfcf7,,,true,1.8,2.2,true,,2026-02-24T15:42:43.719Z,2026-02-28T18:29:59.000Z,,1,,,,,,,,
699d79bbefe574e9bb81deda,Circulation pressure Sub Tank ED Bath,REAL,0.721,bar,DEFAULT_PLC,699573c8d67b1b79cf7dfcf7,,,true,0.5,0.9,true,,2026-02-24T15:42:43.719Z,2026-02-28T18:29:59.000Z,,1,,,,,,,,
699d79beefe574e9bb83305b,Circulation pressure RH ED Bath,REAL,0.8655,bar,DEFAULT_PLC,699573c8d67b1b79cf7dfcf7,,,true,0.8,1.2,true,,2026-02-24T15:42:43.719Z,2026-02-28T18:29:59.000Z,,1,,,,,,,,
699d79c0efe574e9bb8481dc,Circulation pressure LH ED Bath,REAL,1.0357,bar,DEFAULT_PLC,699573c8d67b1b79cf7dfcf7,,,true,0.8,1.2,true,,2026-02-24T15:42:43.719Z,2026-02-28T18:29:59.000Z,,1,,,,,,,,
699d79c2efe574e9bb85d35d,Exit Spray Flow ED Bath,REAL,129.2597,LPM,DEFAULT_PLC,699834301f773e845dc84dc4,,,true,120,140,true,,2026-02-24T15:42:43.719Z,2026-02-28T18:29:59.000Z,,1,,,,,,,,
699d79c5efe574e9bb8724de,Paint Filter 1 DP ED Bath,REAL,0.3659,bar,DEFAULT_PLC,699834981f773e845dc850b0,,,true,0.1,0.8,true,,2026-02-24T15:42:43.719Z,2026-02-28T18:29:59.000Z,,1,,,,,,,,
699d79c7efe574e9bb88765f,Paint Filter 2 DP ED Bath,REAL,0.5233,bar,DEFAULT_PLC,699834d41f773e845dc85298,,,true,0.1,0.8,true,,2026-02-24T15:42:43.719Z,2026-02-28T18:29:59.000Z,,1,,,,,,,,
699d79caefe574e9bb89c7e0,Heat Exchanger DP ED Bath,REAL,0.1573,bar,DEFAULT_PLC,699835201f773e845dc854d8,,,true,0.1,0.2,true,,2026-02-24T15:42:43.719Z,2026-02-28T18:29:59.000Z,,1,,,,,,,,
699d79ccefe574e9bb8b1961,DI Water Spray Flow After DI Spray,REAL,94.0949,LPM,DEFAULT_PLC,6995729ed67b1b79cf7df516,,,true,80,120,true,,2026-02-24T15:42:43.719Z,2026-02-28T18:29:59.000Z,,1,,,,,,,,
699d79cfefe574e9bb8c6ae2,Conductivity Anolyte,REAL,738.0048,µS/cm,DEFAULT_PLC,6995729ed67b1b79cf7df516,,,true,500,1000,true,,2026-02-24T15:42:43.719Z,2026-02-28T18:29:59.000Z,,1,,,,,,,,
699d79d1efe574e9bb8dbc63,Flow Total Anolyte,REAL,71.7328,LPM,DEFAULT_PLC,699835a11f773e845dc85853,,,true,60,90,true,,2026-02-24T15:42:43.719Z,2026-02-28T18:29:59.000Z,,1,,,,,,,,
699d79d4efe574e9bb8f0de4,Flow Individual Cell Anolyte,REAL,2.5132,LPM,DEFAULT_PLC,699835a11f773e845dc85853,,,true,2,3,true,,2026-02-24T15:42:43.719Z,2026-02-28T18:29:59.000Z,,1,,,,,,,,
699d79d7efe574e9bb905f65,PH UF System,REAL,5.512,-,DEFAULT_PLC,6995729ed67b1b79cf7df516,,,true,5.2,5.9,true,,2026-02-24T15:42:43.719Z,2026-02-28T18:29:59.000Z,,1,,,,,,,,
699d79d9efe574e9bb91b0e6,Inlet Pressure UF System,REAL,3.7231,bar,DEFAULT_PLC,699837431f773e845dc8627e,,,true,3.3,4.1,true,,2026-02-24T15:42:43.719Z,2026-02-28T18:29:59.000Z,,1,,,,,,,,
699d79dcefe574e9bb930267,Back Pressure UF System,REAL,1.6575,bar,DEFAULT_PLC,699837431f773e845dc8627e,,,true,1.5,1.8,true,,2026-02-24T15:42:43.719Z,2026-02-28T18:29:59.000Z,,1,,,,,,,,
699d79dfefe574e9bb9453e8,Permeate Transfer Flow UF System,REAL,7405.6278,LPH,DEFAULT_PLC,6995729ed67b1b79cf7df516,,,true,7300,7500,true,,2026-02-24T15:42:43.719Z,2026-02-28T18:29:59.000Z,,1,,,,,,,,
699d79e2efe574e9bb95a569,Bag Filter DP UF System,REAL,0.5166,bar,DEFAULT_PLC,6995729ed67b1b79cf7df516,,,true,0.1,0.8,true,,2026-02-24T15:42:43.719Z,2026-02-28T18:29:59.000Z,,1,,,,,,,,
699d79e5efe574e9bb96f6ea,Solids Content UF Rinse 1,REAL,0.147,%,DEFAULT_PLC,699572c5d67b1b79cf7df629,,,true,0.1,0.2,true,,2026-02-24T15:42:43.719Z,2026-02-28T18:29:59.000Z,,1,,,,,,,,
699d79e7efe574e9bb98486b,PH UF Rinse 1,REAL,5.5468,-,DEFAULT_PLC,699572c5d67b1b79cf7df629,,,true,5.2,5.9,true,,2026-02-24T15:42:43.719Z,2026-02-28T18:29:59.000Z,,1,,,,,,,,
699d79eaefe574e9bb9999ec,Spray Pressure Bottom UF Rinse 1,REAL,0.9721,bar,DEFAULT_PLC,69984bc51f773e845dc8dc41,,,true,0.9,1.1,true,,2026-02-24T15:42:43.719Z,2026-02-28T18:29:59.000Z,,1,,,,,,,,
699d79edefe574e9bb9aeb6d,Spray Pressure Side 1 UF Rinse 1,REAL,1.0391,bar,DEFAULT_PLC,69984bc51f773e845dc8dc41,,,true,0.9,1.1,true,,2026-02-24T15:42:43.719Z,2026-02-28T18:29:59.000Z,,1,,,,,,,,
699d79f0efe574e9bb9c3cee,Spray Pressure Side 2 UF Rinse 1,REAL,0.9453,bar,DEFAULT_PLC,69984bc51f773e845dc8dc41,,,true,0.9,1.1,true,,2026-02-24T15:42:43.719Z,2026-02-28T18:29:59.000Z,,1,,,,,,,,
699d79f2efe574e9bb9d8e6f,Spray Pressure Side 3 UF Rinse 1,REAL,1.5022,bar,DEFAULT_PLC,69984bc51f773e845dc8dc41,,,true,1.4,1.6,true,,2026-02-24T15:42:43.719Z,2026-02-28T18:29:59.000Z,,1,,,,,,,,
699d79f5efe574e9bb9edff0,Spray Pressure Side 4 UF Rinse 1,REAL,0.9972,bar,DEFAULT_PLC,69984bc51f773e845dc8dc41,,,true,0.9,1.1,true,,2026-02-24T15:42:43.719Z,2026-02-28T18:29:59.000Z,,1,,,,,,,,
699d79f7efe574e9bba03171,Bag Filter DP UF Rinse 1,REAL,0.3218,bar,DEFAULT_PLC,699ef55843857e0244274b3a,,,true,0.1,0.8,true,,2026-02-24T15:42:43.719Z,2026-02-28T18:29:59.000Z,,1,,,,,,,,
699d79faefe574e9bba182f2,Solids Content UF Rinse 2,REAL,1.4102,%,DEFAULT_PLC,69984c351f773e845dc8df8f,,,true,1,2,true,,2026-02-24T15:42:43.719Z,2026-02-28T18:29:59.000Z,,1,,,,,,,,
699d79fdefe574e9bba2d473,PH UF Rinse 2,REAL,5.6226,-,DEFAULT_PLC,69984c351f773e845dc8df8f,,,true,5.2,5.9,true,,2026-02-24T15:42:43.719Z,2026-02-28T18:29:59.000Z,,1,,,,,,,,
699d79ffefe574e9bba425f4,Circulation Pressure Bottom 1 UF Rinse 2,REAL,1.4906,bar,DEFAULT_PLC,69984c7b1f773e845dc8e1c0,,,true,1.3,1.7,true,,2026-02-24T15:42:43.719Z,2026-02-28T18:29:59.000Z,,1,,,,,,,,
699d7a01efe574e9bba57775,Circulation Pressure Bottom 2 UF Rinse 2,REAL,1.4817,bar,DEFAULT_PLC,69984c7b1f773e845dc8e1c0,,,true,1.3,1.7,true,,2026-02-24T15:42:43.719Z,2026-02-28T18:29:59.000Z,,1,,,,,,,,
699d7a04efe574e9bba6c8f6,Circulation Pressure Bottom 3 UF Rinse 2,REAL,1.4829,bar,DEFAULT_PLC,69984c7b1f773e845dc8e1c0,,,true,1.3,1.7,true,,2026-02-24T15:42:43.719Z,2026-02-28T18:29:59.000Z,,1,,,,,,,,
699d7a07efe574e9bba81a77,Exit Spray Flow UF Rinse 2,REAL,130.1256,LPM,DEFAULT_PLC,69984d551f773e845dc8e759,,,true,120,140,true,,2026-02-24T15:42:43.719Z,2026-02-28T18:29:59.000Z,,1,,,,,,,,
699d7a09efe574e9bba96bf8,Bag Filter DP UF Rinse 2,REAL,0.426,bar,DEFAULT_PLC,69984f591f773e845dc8f706,,,true,0.1,0.8,true,,2026-02-24T15:42:43.719Z,2026-02-28T18:29:59.000Z,,1,,,,,,,,
699d7a0cefe574e9bbaabd79,RCDI Water Spray Flow,REAL,193.7299,LPM,DEFAULT_PLC,69984fa31f773e845dc8f950,,,true,150,220,true,,2026-02-24T15:42:43.719Z,2026-02-28T18:29:59.000Z,,1,,,,,,,,
699d7a0fefe574e9bbac0efa,Preheat Zone ED Oven,REAL,119.8875,°C,DEFAULT_PLC,,,,true,113,127,true,,2026-02-24T15:42:43.719Z,2026-02-28T18:29:59.000Z,,1,,,,,,,,
699d7a11efe574e9bbad607b,Heat Up Zone ED Oven,REAL,188.9993,°C,DEFAULT_PLC,,,,true,183,197,true,,2026-02-24T15:42:43.719Z,2026-02-28T18:29:59.000Z,,1,,,,,,,,
699d7a14efe574e9bbaeb1fc,Holding Zone ED Oven,REAL,196.8566,°C,DEFAULT_PLC,,,,true,191,205,true,,2026-02-24T15:42:43.719Z,2026-02-28T18:29:59.000Z,,1,,,,,,,,
69a00014028f2974fee4ab9e,Loading_Position,BOOLEAN,0,boolean,PLC_A,699705b40d15df825215748f,69a04cfd5dd07d06e4f19d96,,true,,,,,2026-02-20T18:30:00.000Z,2026-02-21T18:29:59.000Z,,,PLC,,,,,,,
69a00014028f2974fee4ab9f,Loading_CabinType,STRING,,,PLC_A,69a04cfd5dd07d06e4f19d96,,,true,,,,,2026-02-20T18:30:00.000Z,2026-02-21T18:29:59.000Z,,,PLC,,,,,,,
69a00014028f2974fee4aba0,Loading_CabinNumber,STRING,,,PLC_A,69a04cfd5dd07d06e4f19d96,,,true,,,,,2026-02-20T18:30:00.000Z,2026-02-21T18:29:59.000Z,,,PLC,,,,,,,
69a00014028f2974fee4aba1,Loading_SkidNumber,STRING,,,PLC_A,69a04cfd5dd07d06e4f19d96,,,true,,,,,2026-02-20T18:30:00.000Z,2026-02-21T18:29:59.000Z,,,PLC,,,,,,,
69a00014028f2974fee4aba2,Loading_HangerNumber,STRING,,,PLC_A,69a04cfd5dd07d06e4f19d96,,,true,,,,,2026-02-20T18:30:00.000Z,2026-02-21T18:29:59.000Z,,,PLC,,,,,,,
69a00014028f2974fee4aba3,PT_PreDeg_Position,BOOLEAN,0,boolean,PLC_A,69944271bfb07d6db09aae0c,,,true,,,,,2026-02-20T18:30:00.000Z,2026-02-21T18:29:59.000Z,,,PLC,,,,,,,
69a00014028f2974fee4aba4,PT_PreDeg_CabinType,STRING,,,PLC_A,69944271bfb07d6db09aae0c,,,true,,,,,2026-02-20T18:30:00.000Z,2026-02-21T18:29:59.000Z,,,PLC,,,,,,,
69a00014028f2974fee4aba5,PT_PreDeg_CabinNumber,STRING,,,PLC_A,69944271bfb07d6db09aae0c,,,true,,,,,2026-02-20T18:30:00.000Z,2026-02-21T18:29:59.000Z,,,PLC,,,,,,,
69a00014028f2974fee4aba6,PT_PreDeg_SkidNumber,STRING,,,PLC_A,69944271bfb07d6db09aae0c,,,true,,,,,2026-02-20T18:30:00.000Z,2026-02-21T18:29:59.000Z,,,PLC,,,,,,,
69a00014028f2974fee4aba7,PT_PreDeg_HangerNumber,STRING,,,PLC_A,69944271bfb07d6db09aae0c,,,true,,,,,2026-02-20T18:30:00.000Z,2026-02-21T18:29:59.000Z,,,PLC,,,,,,,
69a00014028f2974fee4aba8,PT_PreDeg_Mist_Position,BOOLEAN,0,boolean,PLC_A,69a04dde5dd07d06e4f19e4f,,,true,,,,,2026-02-20T18:30:00.000Z,2026-02-21T18:29:59.000Z,,,PLC,,,,,,,
69a00014028f2974fee4aba9,PT_PreDeg_Mist_CabinType,STRING,,,PLC_A,69a04dde5dd07d06e4f19e4f,,,true,,,,,2026-02-20T18:30:00.000Z,2026-02-21T18:29:59.000Z,,,PLC,,,,,,,
69a00014028f2974fee4abaa,PT_PreDeg_Mist_CabinNumber,STRING,,,PLC_A,69a04dde5dd07d06e4f19e4f,,,true,,,,,2026-02-20T18:30:00.000Z,2026-02-21T18:29:59.000Z,,,PLC,,,,,,,
69a00014028f2974fee4abab,PT_PreDeg_Mist_SkidNumber,STRING,,,PLC_A,69a04dde5dd07d06e4f19e4f,,,true,,,,,2026-02-20T18:30:00.000Z,2026-02-21T18:29:59.000Z,,,PLC,,,,,,,
69a00014028f2974fee4abac,PT_PreDeg_Mist_HangerNumber,STRING,,,PLC_A,69a04dde5dd07d06e4f19e4f,,,true,,,,,2026-02-20T18:30:00.000Z,2026-02-21T18:29:59.000Z,,,PLC,,,,,,,
69a00014028f2974fee4abad,PT_DipDeg_Position,BOOLEAN,0,boolean,PLC_A,69944f85bfb07d6db09b035d,,,true,,,,,2026-02-20T18:30:00.000Z,2026-02-21T18:29:59.000Z,,,PLC,,,,,,,
69a00014028f2974fee4abae,PT_DipDeg_CabinType,STRING,,,PLC_A,69944f85bfb07d6db09b035d,,,true,,,,,2026-02-20T18:30:00.000Z,2026-02-21T18:29:59.000Z,,,PLC,,,,,,,
69a00014028f2974fee4abaf,PT_DipDeg_CabinNumber,STRING,,,PLC_A,69944f85bfb07d6db09b035d,,,true,,,,,2026-02-20T18:30:00.000Z,2026-02-21T18:29:59.000Z,,,PLC,,,,,,,
69a00014028f2974fee4abb0,PT_DipDeg_SkidNumber,STRING,,,PLC_A,69944f85bfb07d6db09b035d,,,true,,,,,2026-02-20T18:30:00.000Z,2026-02-21T18:29:59.000Z,,,PLC,,,,,,,
69a00014028f2974fee4abb1,PT_DipDeg_HangerNumber,STRING,,,PLC_A,69944f85bfb07d6db09b035d,,,true,,,,,2026-02-20T18:30:00.000Z,2026-02-21T18:29:59.000Z,,,PLC,,,,,,,
69a00014028f2974fee4abb2,PT_WR12_Position,BOOLEAN,0,boolean,PLC_A,6994535dbfb07d6db09b1d98,,,true,,,,,2026-02-20T18:30:00.000Z,2026-02-21T18:29:59.000Z,,,PLC,,,,,,,
69a00014028f2974fee4abb3,PT_WR12_CabinType,STRING,,,PLC_A,6994535dbfb07d6db09b1d98,,,true,,,,,2026-02-20T18:30:00.000Z,2026-02-21T18:29:59.000Z,,,PLC,,,,,,,
69a00014028f2974fee4abb4,PT_WR12_CabinNumber,STRING,,,PLC_A,6994535dbfb07d6db09b1d98,,,true,,,,,2026-02-20T18:30:00.000Z,2026-02-21T18:29:59.000Z,,,PLC,,,,,,,
69a00014028f2974fee4abb5,PT_WR12_SkidNumber,STRING,,,PLC_A,6994535dbfb07d6db09b1d98,,,true,,,,,2026-02-20T18:30:00.000Z,2026-02-21T18:29:59.000Z,,,PLC,,,,,,,
69a00014028f2974fee4abb6,PT_WR12_HangerNumber,STRING,,,PLC_A,6994535dbfb07d6db09b1d98,,,true,,,,,2026-02-20T18:30:00.000Z,2026-02-21T18:29:59.000Z,,,PLC,,,,,,,
69a00014028f2974fee4abb7,PT_Activation_Position,BOOLEAN,0,boolean,PLC_A,69945956bfb07d6db09b45bb,,,true,,,,,2026-02-20T18:30:00.000Z,2026-02-21T18:29:59.000Z,,,PLC,,,,,,,
69a00014028f2974fee4abb8,PT_Activation_CabinType,STRING,,,PLC_A,69945956bfb07d6db09b45bb,,,true,,,,,2026-02-20T18:30:00.000Z,2026-02-21T18:29:59.000Z,,,PLC,,,,,,,
69a00014028f2974fee4abb9,PT_Activation_CabinNumber,STRING,,,PLC_A,69945956bfb07d6db09b45bb,,,true,,,,,2026-02-20T18:30:00.000Z,2026-02-21T18:29:59.000Z,,,PLC,,,,,,,
69a00014028f2974fee4abba,PT_Activation_SkidNumber,STRING,,,PLC_A,69945956bfb07d6db09b45bb,,,true,,,,,2026-02-20T18:30:00.000Z,2026-02-21T18:29:59.000Z,,,PLC,,,,,,,
69a00014028f2974fee4abbb,PT_Activation_HangerNumber,STRING,,,PLC_A,69945956bfb07d6db09b45bb,,,true,,,,,2026-02-20T18:30:00.000Z,2026-02-21T18:29:59.000Z,,,PLC,,,,,,,
69a00014028f2974fee4abbc,PT_Phospating_Position,BOOLEAN,0,boolean,PLC_A,,,,true,,,,,2026-02-20T18:30:00.000Z,2026-02-21T18:29:59.000Z,,,PLC,,,,,,,
69a00014028f2974fee4abbd,PT_Phospating_CabinType,STRING,,,PLC_A,,,,true,,,,,2026-02-20T18:30:00.000Z,2026-02-21T18:29:59.000Z,,,PLC,,,,,,,
69a00014028f2974fee4abbe,PT_Phospating_CabinNumber,STRING,,,PLC_A,,,,true,,,,,2026-02-20T18:30:00.000Z,2026-02-21T18:29:59.000Z,,,PLC,,,,,,,
69a00014028f2974fee4abbf,PT_Phospating_SkidNumber,STRING,,,PLC_A,,,,true,,,,,2026-02-20T18:30:00.000Z,2026-02-21T18:29:59.000Z,,,PLC,,,,,,,
69a00015028f2974fee4abc0,PT_Phospating_HangerNumber,STRING,,,PLC_A,,,,true,,,,,2026-02-20T18:30:00.000Z,2026-02-21T18:29:59.000Z,,,PLC,,,,,,,
69a00015028f2974fee4abc1,PT_WR34_Position,BOOLEAN,0,boolean,PLC_A,699456f6bfb07d6db09b358a,,,true,,,,,2026-02-20T18:30:00.000Z,2026-02-21T18:29:59.000Z,,,PLC,,,,,,,
69a00015028f2974fee4abc2,PT_WR34_CabinType,STRING,,,PLC_A,699456f6bfb07d6db09b358a,,,true,,,,,2026-02-20T18:30:00.000Z,2026-02-21T18:29:59.000Z,,,PLC,,,,,,,
69a00015028f2974fee4abc3,PT_WR34_CabinNumber,STRING,,,PLC_A,699456f6bfb07d6db09b358a,,,true,,,,,2026-02-20T18:30:00.000Z,2026-02-21T18:29:59.000Z,,,PLC,,,,,,,
69a00015028f2974fee4abc4,PT_WR34_SkidNumber,STRING,,,PLC_A,699456f6bfb07d6db09b358a,,,true,,,,,2026-02-20T18:30:00.000Z,2026-02-21T18:29:59.000Z,,,PLC,,,,,,,
69a00015028f2974fee4abc5,PT_WR34_HangerNumber,STRING,,,PLC_A,699456f6bfb07d6db09b358a,,,true,,,,,2026-02-20T18:30:00.000Z,2026-02-21T18:29:59.000Z,,,PLC,,,,,,,
69a00015028f2974fee4abc6,PT_WR5_Position,BOOLEAN,0,boolean,PLC_A,69945c25bfb07d6db09b5913,699463cdbfb07d6db09b8d6c,,true,,,,,2026-02-20T18:30:00.000Z,2026-02-21T18:29:59.000Z,,,PLC,,,,,,,
69a00015028f2974fee4abc7,PT_WR5_CabinType,STRING,,,PLC_A,69945c25bfb07d6db09b5913,699463cdbfb07d6db09b8d6c,,true,,,,,2026-02-20T18:30:00.000Z,2026-02-21T18:29:59.000Z,,,PLC,,,,,,,
69a00015028f2974fee4abc8,PT_WR5_CabinNumber,STRING,,,PLC_A,69945c25bfb07d6db09b5913,699463cdbfb07d6db09b8d6c,,true,,,,,2026-02-20T18:30:00.000Z,2026-02-21T18:29:59.000Z,,,PLC,,,,,,,
69a00015028f2974fee4abc9,PT_WR5_SkidNumber,STRING,,,PLC_A,69945c25bfb07d6db09b5913,699463cdbfb07d6db09b8d6c,,true,,,,,2026-02-20T18:30:00.000Z,2026-02-21T18:29:59.000Z,,,PLC,,,,,,,
69a00015028f2974fee4abca,PT_WR5_HangerNumber,STRING,,,PLC_A,69945c25bfb07d6db09b5913,699463cdbfb07d6db09b8d6c,,true,,,,,2026-02-20T18:30:00.000Z,2026-02-21T18:29:59.000Z,,,PLC,,,,,,,
69a00015028f2974fee4abcb,PT_DI_Position,BOOLEAN,0,boolean,PLC_A,699465c9bfb07d6db09b9b53,,,true,,,,,2026-02-20T18:30:00.000Z,2026-02-21T18:29:59.000Z,,,PLC,,,,,,,
69a00015028f2974fee4abcc,PT_DI_CabinType,STRING,,,PLC_A,699465c9bfb07d6db09b9b53,,,true,,,,,2026-02-20T18:30:00.000Z,2026-02-21T18:29:59.000Z,,,PLC,,,,,,,
69a00015028f2974fee4abcd,PT_DI_CabinNumber,STRING,,,PLC_A,699465c9bfb07d6db09b9b53,,,true,,,,,2026-02-20T18:30:00.000Z,2026-02-21T18:29:59.000Z,,,PLC,,,,,,,
69a00015028f2974fee4abce,PT_DI_SkidNumber,STRING,,,PLC_A,699465c9bfb07d6db09b9b53,,,true,,,,,2026-02-20T18:30:00.000Z,2026-02-21T18:29:59.000Z,,,PLC,,,,,,,
69a00015028f2974fee4abcf,PT_DI_HangerNumber,STRING,,,PLC_A,699465c9bfb07d6db09b9b53,,,true,,,,,2026-02-20T18:30:00.000Z,2026-02-21T18:29:59.000Z,,,PLC,,,,,,,
69a00015028f2974fee4abd0,ED_ECoat_Position,BOOLEAN,0,boolean,PLC_A,6995729ed67b1b79cf7df516,,,true,,,,,2026-02-20T18:30:00.000Z,2026-02-21T18:29:59.000Z,,,PLC,,,,,,,
69a00015028f2974fee4abd1,ED_ECoat_CabinType,STRING,,,PLC_A,6995729ed67b1b79cf7df516,,,true,,,,,2026-02-20T18:30:00.000Z,2026-02-21T18:29:59.000Z,,,PLC,,,,,,,
69a00015028f2974fee4abd2,ED_ECoat_CabinNumber,STRING,,,PLC_A,6995729ed67b1b79cf7df516,,,true,,,,,2026-02-20T18:30:00.000Z,2026-02-21T18:29:59.000Z,,,PLC,,,,,,,
69a00015028f2974fee4abd3,ED_ECoat_SkidNumber,STRING,,,PLC_A,6995729ed67b1b79cf7df516,,,true,,,,,2026-02-20T18:30:00.000Z,2026-02-21T18:29:59.000Z,,,PLC,,,,,,,
69a00015028f2974fee4abd4,ED_ECoat_HangerNumber,STRING,,,PLC_A,6995729ed67b1b79cf7df516,,,true,,,,,2026-02-20T18:30:00.000Z,2026-02-21T18:29:59.000Z,,,PLC,,,,,,,
69a00015028f2974fee4abd5,ED_UFWR1_Position,BOOLEAN,0,boolean,PLC_A,699572c5d67b1b79cf7df629,,,true,,,,,2026-02-20T18:30:00.000Z,2026-02-21T18:29:59.000Z,,,PLC,,,,,,,
69a00015028f2974fee4abd6,ED_UFWR1_CabinType,STRING,,,PLC_A,699572c5d67b1b79cf7df629,,,true,,,,,2026-02-20T18:30:00.000Z,2026-02-21T18:29:59.000Z,,,PLC,,,,,,,
69a00015028f2974fee4abd7,ED_UFWR1_CabinNumber,STRING,,,PLC_A,699572c5d67b1b79cf7df629,,,true,,,,,2026-02-20T18:30:00.000Z,2026-02-21T18:29:59.000Z,,,PLC,,,,,,,
69a00015028f2974fee4abd8,ED_UFWR1_SkidNumber,STRING,,,PLC_A,699572c5d67b1b79cf7df629,,,true,,,,,2026-02-20T18:30:00.000Z,2026-02-21T18:29:59.000Z,,,PLC,,,,,,,
69a00015028f2974fee4abd9,ED_UFWR1_HangerNumber,STRING,,,PLC_A,699572c5d67b1b79cf7df629,,,true,,,,,2026-02-20T18:30:00.000Z,2026-02-21T18:29:59.000Z,,,PLC,,,,,,,
69a00015028f2974fee4abda,ED_UFWR2_Position,BOOLEAN,0,boolean,PLC_A,699572e6d67b1b79cf7df719,,,true,,,,,2026-02-20T18:30:00.000Z,2026-02-21T18:29:59.000Z,,,PLC,,,,,,,
69a00015028f2974fee4abdb,ED_UFWR2_CabinType,STRING,,,PLC_A,699572e6d67b1b79cf7df719,,,true,,,,,2026-02-20T18:30:00.000Z,2026-02-21T18:29:59.000Z,,,PLC,,,,,,,
69a00015028f2974fee4abdc,ED_UFWR2_CabinNumber,STRING,,,PLC_A,699572e6d67b1b79cf7df719,,,true,,,,,2026-02-20T18:30:00.000Z,2026-02-21T18:29:59.000Z,,,PLC,,,,,,,
69a00015028f2974fee4abdd,ED_UFWR2_SkidNumber,STRING,,,PLC_A,699572e6d67b1b79cf7df719,,,true,,,,,2026-02-20T18:30:00.000Z,2026-02-21T18:29:59.000Z,,,PLC,,,,,,,
69a00015028f2974fee4abde,ED_UFWR2_HangerNumber,STRING,,,PLC_A,699572e6d67b1b79cf7df719,,,true,,,,,2026-02-20T18:30:00.000Z,2026-02-21T18:29:59.000Z,,,PLC,,,,,,,
69a00015028f2974fee4abdf,ED_RCDI_Position,BOOLEAN,0,boolean,PLC_A,69957309d67b1b79cf7df80f,,,true,,,,,2026-02-20T18:30:00.000Z,2026-02-21T18:29:59.000Z,,,PLC,,,,,,,
69a00015028f2974fee4abe0,ED_RCDI_CabinType,STRING,,,PLC_A,69957309d67b1b79cf7df80f,,,true,,,,,2026-02-20T18:30:00.000Z,2026-02-21T18:29:59.000Z,,,PLC,,,,,,,
69a00015028f2974fee4abe1,ED_RCDI_CabinNumber,STRING,,,PLC_A,69957309d67b1b79cf7df80f,,,true,,,,,2026-02-20T18:30:00.000Z,2026-02-21T18:29:59.000Z,,,PLC,,,,,,,
69a00015028f2974fee4abe2,ED_RCDI_SkidNumber,STRING,,,PLC_A,69957309d67b1b79cf7df80f,,,true,,,,,2026-02-20T18:30:00.000Z,2026-02-21T18:29:59.000Z,,,PLC,,,,,,,
69a00015028f2974fee4abe3,ED_RCDI_HangerNumber,STRING,,,PLC_A,69957309d67b1b79cf7df80f,,,true,,,,,2026-02-20T18:30:00.000Z,2026-02-21T18:29:59.000Z,,,PLC,,,,,,,
69a0058ccc5780b526a03b75,Conductivity RCDI,REAL,88.8325,µS/cm,DEFAULT_PLC,,,,true,80,100,true,,2026-02-26T14:04:20.038Z,2026-02-28T18:29:59.000Z,,1,,,,,,,,
69a0058fcc5780b526a18cf6,Flux Rate UF System,REAL,1974.9299,LPH,DEFAULT_PLC,,,,true,1950,2005,true,,2026-02-26T14:04:20.038Z,2026-02-28T18:29:59.000Z,,1,,,,,,,,
69a00591cc5780b526a2de77,Flux Rate Module Any 4 out of 5 UF System,REAL,507.9651,LPH,DEFAULT_PLC,,,,true,500,520,true,,2026-02-26T14:04:20.038Z,2026-02-28T18:29:59.000Z,,1,,,,,,,,
69a04dab9a054f2a74eb0622,DMT Maintenance scheduled,REAL,0,,,69957309d67b1b79cf7df80f,69944271bfb07d6db09aae0c,,true,,,true,01,2026-02-26T13:42:03.736Z,2026-08-03T06:40:01.408Z,0,,,,synthetic,PT2M,PT8H,maintenance,scheduled,
69a04e1a1e5e302c5e7da956,DMT Maintenance expired,REAL,13,,,69957309d67b1b79cf7df80f,69944271bfb07d6db09aae0c,,true,,,true,01,2026-02-26T13:43:54.306Z,2026-08-03T06:42:02.996Z,0,,,,synthetic,PT2M,PT8H,maintenance,expired,
69a04e37223184550e7a71d0,DMT Maintenance completed,REAL,0,,,69957309d67b1b79cf7df80f,69944271bfb07d6db09aae0c,69945956bfb07d6db09b45bb,true,,,true,01,2026-02-26T13:44:23.597Z,2026-08-03T06:40:01.447Z,0,,,,synthetic,PT2M,PT8H,maintenance,completed,
69a17ee10dd82e57a589343e,ED_RCDI_Position_count,INT,1295,count,SYSTEM,,,,true,,,true,01,2026-02-27T11:24:17.364Z,2026-03-02T13:07:10.881Z,0,,,,,,,,,
69a18055be84d052e4e1eb46,Circulation Pressure Bottom DD,REAL,2.8637,Bar,DEFAULT_PLC,,,,true,2.6,3,true,,2026-02-27T17:00:27.388Z,2026-02-21T18:29:59.000Z,,1,,,,,,,,
69a1805abe84d052e4e48e48,Circulation Pressure RH Activation,REAL,0.8794,Bar,DEFAULT_PLC,,,,true,0.8,1.2,true,,2026-02-27T17:00:27.388Z,2026-02-21T18:29:59.000Z,,1,,,,,,,,
69a1805dbe84d052e4e5dfc9,Circulation Pressure RH WR5,REAL,1.2704,Bar,DEFAULT_PLC,,,,true,1,1.4,true,,2026-02-27T17:00:27.388Z,2026-02-21T18:29:59.000Z,,1,,,,,,,,
69a2761948aeaa131728b2b9,ED_RCDI_Position_counts,INT,86140,count,SYSTEM,,,,true,,,true,01,2026-02-28T04:59:05.733Z,2026-02-28T09:02:00.032Z,0,,,,,,,,,
69a2d5c599a6d75965a04e4c,ED_RCDI_Position_counts1,INT,0,count,SYSTEM,,,,true,,,true,01,2026-02-28T11:47:17.052Z,2026-08-03T06:42:02.579Z,0,,,,,,,,,
69a93d6055b35dab3577b3b4,setpointDeviations,INT,0,,,,,,true,,,true,01,2026-03-05T08:22:56.996Z,2026-08-03T06:42:02.580Z,0,,,,,,,,,
69b10aeb14442f4343c6b66c,Preheat Zone,REAL,120.7067,°C,DEFAULT_PLC,69b1537229713658e5cba396,,,true,113,127,true,,2026-03-11T11:55:47.730Z,2026-02-21T18:29:59.000Z,,1,,,,,,,,
69b10afa14442f4343d1426d,Heat up Zone,REAL,184.8462,°C,DEFAULT_PLC,69b154db29713658e5cbc914,,,true,183,197,true,,2026-03-11T11:55:47.730Z,2026-02-21T18:29:59.000Z,,1,,,,,,,,
69b10b0914442f4343dbce6e,Holding Zone,REAL,199.6189,°C,DEFAULT_PLC,69b156b329713658e5cbfab3,,,true,191,205,true,,2026-03-11T11:55:47.730Z,2026-02-21T18:29:59.000Z,,1,,,,,,,,
69b1258a55b35dab3577dd62,TestPressure1,REAL,0.96,Bar,PLC1,,,,true,0.9,1.1,true,1,2026-03-11T08:19:23.326Z,2026-03-12T07:26:06.829Z,0,,,,,,,,,
69b3e70059e7f95a0d3cbc97,TestPressure2,REAL,0,Bar,DEFAULT_PLC,6994551fbfb07d6db09b2912,,,true,0.8,1.1,true,,,,,,,,,,,,,01
69bbe0d713f1f60c57a42027,RB 34_Position,BOOLEAN,0,boolean,PLC_A,69bbd67b5bb2c1f6ff9c5090,,,true,,,,,2026-02-20T18:30:00.000Z,2026-02-21T18:29:59.000Z,,,PLC,,,,,,,
69bbe0d713f1f60c57a42028,RB 34_CabinType,STRING,,,PLC_A,69bbd67b5bb2c1f6ff9c5090,,,true,,,,,2026-02-20T18:30:00.000Z,2026-02-21T18:29:59.000Z,,,PLC,,,,,,,
69bbe0d713f1f60c57a42029,RB 34_CabinNumber,STRING,,,PLC_A,69bbd67b5bb2c1f6ff9c5090,,,true,,,,,2026-02-20T18:30:00.000Z,2026-02-21T18:29:59.000Z,,,PLC,,,,,,,
69bbe0d713f1f60c57a4202a,RB 34_SkidNumber,STRING,,,PLC_A,69bbd67b5bb2c1f6ff9c5090,,,true,,,,,2026-02-20T18:30:00.000Z,2026-02-21T18:29:59.000Z,,,PLC,,,,,,,
69bbe0d713f1f60c57a4202b,RB 35_Position,BOOLEAN,0,boolean,PLC_A,69bbd7b85bb2c1f6ff9c71fd,,,true,,,,,2026-02-20T18:30:00.000Z,2026-02-21T18:29:59.000Z,,,PLC,,,,,,,
69bbe0d713f1f60c57a4202c,RB 35_CabinType,STRING,,,PLC_A,69bbd7b85bb2c1f6ff9c71fd,,,true,,,,,2026-02-20T18:30:00.000Z,2026-02-21T18:29:59.000Z,,,PLC,,,,,,,
69bbe0d713f1f60c57a4202d,RB 35_CabinNumber,STRING,,,PLC_A,69bbd7b85bb2c1f6ff9c71fd,,,true,,,,,2026-02-20T18:30:00.000Z,2026-02-21T18:29:59.000Z,,,PLC,,,,,,,
69bbe0d713f1f60c57a4202e,RB 35_SkidNumber,STRING,,,PLC_A,69bbd7b85bb2c1f6ff9c71fd,,,true,,,,,2026-02-20T18:30:00.000Z,2026-02-21T18:29:59.000Z,,,PLC,,,,,,,
69bbe0d713f1f60c57a4202f,RB 36_Position,BOOLEAN,0,boolean,PLC_A,69bbd8025bb2c1f6ff9c7a70,,,true,,,,,2026-02-20T18:30:00.000Z,2026-02-21T18:29:59.000Z,,,PLC,,,,,,,
69bbe0d713f1f60c57a42030,RB 36_CabinType,STRING,,,PLC_A,69bbd8025bb2c1f6ff9c7a70,,,true,,,,,2026-02-20T18:30:00.000Z,2026-02-21T18:29:59.000Z,,,PLC,,,,,,,
69bbe0d713f1f60c57a42031,RB 36_CabinNumber,STRING,,,PLC_A,69bbd8025bb2c1f6ff9c7a70,,,true,,,,,2026-02-20T18:30:00.000Z,2026-02-21T18:29:59.000Z,,,PLC,,,,,,,
69bbe0d713f1f60c57a42032,RB 36_SkidNumber,STRING,,,PLC_A,69bbd8025bb2c1f6ff9c7a70,,,true,,,,,2026-02-20T18:30:00.000Z,2026-02-21T18:29:59.000Z,,,PLC,,,,,,,
69bbe0d713f1f60c57a42033,RB 37_Position,BOOLEAN,0,boolean,PLC_A,69bbd8485bb2c1f6ff9c8240,,,true,,,,,2026-02-20T18:30:00.000Z,2026-02-21T18:29:59.000Z,,,PLC,,,,,,,
69bbe0d713f1f60c57a42034,RB 37_CabinType,STRING,,,PLC_A,69bbd8485bb2c1f6ff9c8240,,,true,,,,,2026-02-20T18:30:00.000Z,2026-02-21T18:29:59.000Z,,,PLC,,,,,,,
69bbe0d713f1f60c57a42035,RB 37_CabinNumber,STRING,,,PLC_A,69bbd8485bb2c1f6ff9c8240,,,true,,,,,2026-02-20T18:30:00.000Z,2026-02-21T18:29:59.000Z,,,PLC,,,,,,,
69bbe0d713f1f60c57a42036,RB 37_SkidNumber,STRING,,,PLC_A,69bbd8485bb2c1f6ff9c8240,,,true,,,,,2026-02-20T18:30:00.000Z,2026-02-21T18:29:59.000Z,,,PLC,,,,,,,
69bbe0d713f1f60c57a42037,SC 38-1_Position,BOOLEAN,0,boolean,PLC_A,69bbd88d5bb2c1f6ff9c8a13,,,true,,,,,2026-02-20T18:30:00.000Z,2026-02-21T18:29:59.000Z,,,PLC,,,,,,,
69bbe0d713f1f60c57a42038,SC 38-1_CabinType,STRING,,,PLC_A,69bbd88d5bb2c1f6ff9c8a13,,,true,,,,,2026-02-20T18:30:00.000Z,2026-02-21T18:29:59.000Z,,,PLC,,,,,,,
69bbe0d713f1f60c57a42039,SC 38-1_CabinNumber,STRING,,,PLC_A,69bbd88d5bb2c1f6ff9c8a13,,,true,,,,,2026-02-20T18:30:00.000Z,2026-02-21T18:29:59.000Z,,,PLC,,,,,,,
69bbe0d713f1f60c57a4203a,SC 38-1_SkidNumber,STRING,,,PLC_A,69bbd88d5bb2c1f6ff9c8a13,,,true,,,,,2026-02-20T18:30:00.000Z,2026-02-21T18:29:59.000Z,,,PLC,,,,,,,
69bbe0d713f1f60c57a4203b,SC 38-2_Position,BOOLEAN,0,boolean,PLC_A,69bbd8c35bb2c1f6ff9c9054,,,true,,,,,2026-02-20T18:30:00.000Z,2026-02-21T18:29:59.000Z,,,PLC,,,,,,,
69bbe0d713f1f60c57a4203c,SC 38-2_CabinType,STRING,,,PLC_A,69bbd8c35bb2c1f6ff9c9054,,,true,,,,,2026-02-20T18:30:00.000Z,2026-02-21T18:29:59.000Z,,,PLC,,,,,,,
69bbe0d713f1f60c57a4203d,SC 38-2_CabinNumber,STRING,,,PLC_A,69bbd8c35bb2c1f6ff9c9054,,,true,,,,,2026-02-20T18:30:00.000Z,2026-02-21T18:29:59.000Z,,,PLC,,,,,,,
69bbe0d713f1f60c57a4203e,SC 38-2_SkidNumber,STRING,,,PLC_A,69bbd8c35bb2c1f6ff9c9054,,,true,,,,,2026-02-20T18:30:00.000Z,2026-02-21T18:29:59.000Z,,,PLC,,,,,,,
69bbe0d713f1f60c57a4203f,SC 38-3_Position,BOOLEAN,0,boolean,PLC_A,69bbd90c5bb2c1f6ff9c9844,,,true,,,,,2026-02-20T18:30:00.000Z,2026-02-21T18:29:59.000Z,,,PLC,,,,,,,
69bbe0d713f1f60c57a42040,SC 38-3_CabinType,STRING,,,PLC_A,69bbd90c5bb2c1f6ff9c9844,,,true,,,,,2026-02-20T18:30:00.000Z,2026-02-21T18:29:59.000Z,,,PLC,,,,,,,
69bbe0d713f1f60c57a42041,SC 38-3_CabinNumber,STRING,,,PLC_A,69bbd90c5bb2c1f6ff9c9844,,,true,,,,,2026-02-20T18:30:00.000Z,2026-02-21T18:29:59.000Z,,,PLC,,,,,,,
69bbe0d713f1f60c57a42042,SC 38-3_SkidNumber,STRING,,,PLC_A,69bbd90c5bb2c1f6ff9c9844,,,true,,,,,2026-02-20T18:30:00.000Z,2026-02-21T18:29:59.000Z,,,PLC,,,,,,,
69bbe0d713f1f60c57a42043,SC 38-4_Position,BOOLEAN,0,boolean,PLC_A,69bbd9575bb2c1f6ff9ca0a0,,,true,,,,,2026-02-20T18:30:00.000Z,2026-02-21T18:29:59.000Z,,,PLC,,,,,,,
69bbe0d713f1f60c57a42044,SC 38-4_CabinType,STRING,,,PLC_A,69bbd9575bb2c1f6ff9ca0a0,,,true,,,,,2026-02-20T18:30:00.000Z,2026-02-21T18:29:59.000Z,,,PLC,,,,,,,
69bbe0d713f1f60c57a42045,SC 38-4_CabinNumber,STRING,,,PLC_A,69bbd9575bb2c1f6ff9ca0a0,,,true,,,,,2026-02-20T18:30:00.000Z,2026-02-21T18:29:59.000Z,,,PLC,,,,,,,
69bbe0d813f1f60c57a42046,SC 38-4_SkidNumber,STRING,,,PLC_A,69bbd9575bb2c1f6ff9ca0a0,,,true,,,,,2026-02-20T18:30:00.000Z,2026-02-21T18:29:59.000Z,,,PLC,,,,,,,
69bbe0d813f1f60c57a42047,SC 38-5_Position,BOOLEAN,0,boolean,PLC_A,69bbd9a35bb2c1f6ff9ca903,,,true,,,,,2026-02-20T18:30:00.000Z,2026-02-21T18:29:59.000Z,,,PLC,,,,,,,
69bbe0d813f1f60c57a42048,SC 38-5_CabinType,STRING,,,PLC_A,69bbd9a35bb2c1f6ff9ca903,,,true,,,,,2026-02-20T18:30:00.000Z,2026-02-21T18:29:59.000Z,,,PLC,,,,,,,
69bbe0d813f1f60c57a42049,SC 38-5_CabinNumber,STRING,,,PLC_A,69bbd9a35bb2c1f6ff9ca903,,,true,,,,,2026-02-20T18:30:00.000Z,2026-02-21T18:29:59.000Z,,,PLC,,,,,,,
69bbe0d813f1f60c57a4204a,SC 38-5_SkidNumber,STRING,,,PLC_A,69bbd9a35bb2c1f6ff9ca903,,,true,,,,,2026-02-20T18:30:00.000Z,2026-02-21T18:29:59.000Z,,,PLC,,,,,,,
69bbe0d813f1f60c57a4204b,SC 38-6_Position,BOOLEAN,0,boolean,PLC_A,69bbd9de5bb2c1f6ff9cafcf,,,true,,,,,2026-02-20T18:30:00.000Z,2026-02-21T18:29:59.000Z,,,PLC,,,,,,,
69bbe0d813f1f60c57a4204c,SC 38-6_CabinType,STRING,,,PLC_A,69bbd9de5bb2c1f6ff9cafcf,,,true,,,,,2026-02-20T18:30:00.000Z,2026-02-21T18:29:59.000Z,,,PLC,,,,,,,
69bbe0d813f1f60c57a4204d,SC 38-6_CabinNumber,STRING,,,PLC_A,69bbd9de5bb2c1f6ff9cafcf,,,true,,,,,2026-02-20T18:30:00.000Z,2026-02-21T18:29:59.000Z,,,PLC,,,,,,,
69bbe0d813f1f60c57a4204e,SC 38-6_SkidNumber,STRING,,,PLC_A,69bbd9de5bb2c1f6ff9cafcf,,,true,,,,,2026-02-20T18:30:00.000Z,2026-02-21T18:29:59.000Z,,,PLC,,,,,,,
69bbe0d813f1f60c57a4204f,RB 39_Position,BOOLEAN,0,boolean,PLC_A,69bbda235bb2c1f6ff9cb7a9,,,true,,,,,2026-02-20T18:30:00.000Z,2026-02-21T18:29:59.000Z,,,PLC,,,,,,,
69bbe0d813f1f60c57a42050,RB 39_CabinType,STRING,,,PLC_A,69bbda235bb2c1f6ff9cb7a9,,,true,,,,,2026-02-20T18:30:00.000Z,2026-02-21T18:29:59.000Z,,,PLC,,,,,,,
69bbe0d813f1f60c57a42051,RB 39_CabinNumber,STRING,,,PLC_A,69bbda235bb2c1f6ff9cb7a9,,,true,,,,,2026-02-20T18:30:00.000Z,2026-02-21T18:29:59.000Z,,,PLC,,,,,,,
69bbe0d813f1f60c57a42052,RB 39_SkidNumber,STRING,,,PLC_A,69bbda235bb2c1f6ff9cb7a9,,,true,,,,,2026-02-20T18:30:00.000Z,2026-02-21T18:29:59.000Z,,,PLC,,,,,,,
69bbe0d813f1f60c57a42053,EL-40_Position,BOOLEAN,0,boolean,PLC_A,69bbda5f5bb2c1f6ff9cbe73,,,true,,,,,2026-02-20T18:30:00.000Z,2026-02-21T18:29:59.000Z,,,PLC,,,,,,,
69bbe0d813f1f60c57a42054,EL-40_CabinType,STRING,,,PLC_A,69bbda5f5bb2c1f6ff9cbe73,,,true,,,,,2026-02-20T18:30:00.000Z,2026-02-21T18:29:59.000Z,,,PLC,,,,,,,
69bbe0d813f1f60c57a42055,EL-40_CabinNumber,STRING,,,PLC_A,69bbda5f5bb2c1f6ff9cbe73,,,true,,,,,2026-02-20T18:30:00.000Z,2026-02-21T18:29:59.000Z,,,PLC,,,,,,,
69bbe0d813f1f60c57a42056,EL-40_SkidNumber,STRING,,,PLC_A,69bbda5f5bb2c1f6ff9cbe73,,,true,,,,,2026-02-20T18:30:00.000Z,2026-02-21T18:29:59.000Z,,,PLC,,,,,,,
69bbe0d813f1f60c57a42057,RB 41_Position,BOOLEAN,0,boolean,PLC_A,69bbdaac5bb2c1f6ff9cc6d1,,,true,,,,,2026-02-20T18:30:00.000Z,2026-02-21T18:29:59.000Z,,,PLC,,,,,,,
69bbe0d813f1f60c57a42058,RB 41_CabinType,STRING,,,PLC_A,69bbdaac5bb2c1f6ff9cc6d1,,,true,,,,,2026-02-20T18:30:00.000Z,2026-02-21T18:29:59.000Z,,,PLC,,,,,,,
69bbe0d813f1f60c57a42059,RB 41_CabinNumber,STRING,,,PLC_A,69bbdaac5bb2c1f6ff9cc6d1,,,true,,,,,2026-02-20T18:30:00.000Z,2026-02-21T18:29:59.000Z,,,PLC,,,,,,,
69bbe0d813f1f60c57a4205a,RB 41_SkidNumber,STRING,,,PLC_A,69bbdaac5bb2c1f6ff9cc6d1,,,true,,,,,2026-02-20T18:30:00.000Z,2026-02-21T18:29:59.000Z,,,PLC,,,,,,,
69bbe0d813f1f60c57a4205b,SC 42-1_Position,BOOLEAN,0,boolean,PLC_A,69bbdadc5bb2c1f6ff9ccc92,,,true,,,,,2026-02-20T18:30:00.000Z,2026-02-21T18:29:59.000Z,,,PLC,,,,,,,
69bbe0d813f1f60c57a4205c,SC 42-1_CabinType,STRING,,,PLC_A,69bbdadc5bb2c1f6ff9ccc92,,,true,,,,,2026-02-20T18:30:00.000Z,2026-02-21T18:29:59.000Z,,,PLC,,,,,,,
69bbe0d813f1f60c57a4205d,SC 42-1_CabinNumber,STRING,,,PLC_A,69bbdadc5bb2c1f6ff9ccc92,,,true,,,,,2026-02-20T18:30:00.000Z,2026-02-21T18:29:59.000Z,,,PLC,,,,,,,
69bbe0d813f1f60c57a4205e,SC 42-1_SkidNumber,STRING,,,PLC_A,69bbdadc5bb2c1f6ff9ccc92,,,true,,,,,2026-02-20T18:30:00.000Z,2026-02-21T18:29:59.000Z,,,PLC,,,,,,,
69bbe0d813f1f60c57a4205f,SC 42-2_Position,BOOLEAN,0,boolean,PLC_A,69bbdb0e5bb2c1f6ff9cd256,,,true,,,,,2026-02-20T18:30:00.000Z,2026-02-21T18:29:59.000Z,,,PLC,,,,,,,
69bbe0d813f1f60c57a42060,SC 42-2_CabinType,STRING,,,PLC_A,69bbdb0e5bb2c1f6ff9cd256,,,true,,,,,2026-02-20T18:30:00.000Z,2026-02-21T18:29:59.000Z,,,PLC,,,,,,,
69bbe0d813f1f60c57a42061,SC 42-2_CabinNumber,STRING,,,PLC_A,69bbdb0e5bb2c1f6ff9cd256,,,true,,,,,2026-02-20T18:30:00.000Z,2026-02-21T18:29:59.000Z,,,PLC,,,,,,,
69bbe0d813f1f60c57a42062,SC 42-2_SkidNumber,STRING,,,PLC_A,69bbdb0e5bb2c1f6ff9cd256,,,true,,,,,2026-02-20T18:30:00.000Z,2026-02-21T18:29:59.000Z,,,PLC,,,,,,,
69bbe0d813f1f60c57a42063,SC 42-3_Position,BOOLEAN,0,boolean,PLC_A,69bbdb485bb2c1f6ff9cd8a0,,,true,,,,,2026-02-20T18:30:00.000Z,2026-02-21T18:29:59.000Z,,,PLC,,,,,,,
69bbe0d813f1f60c57a42064,SC 42-3_CabinType,STRING,,,PLC_A,69bbdb485bb2c1f6ff9cd8a0,,,true,,,,,2026-02-20T18:30:00.000Z,2026-02-21T18:29:59.000Z,,,PLC,,,,,,,
69bbe0d813f1f60c57a42065,SC 42-3_CabinNumber,STRING,,,PLC_A,69bbdb485bb2c1f6ff9cd8a0,,,true,,,,,2026-02-20T18:30:00.000Z,2026-02-21T18:29:59.000Z,,,PLC,,,,,,,
69bbe0d813f1f60c57a42066,SC 42-3_SkidNumber,STRING,,,PLC_A,69bbdb485bb2c1f6ff9cd8a0,,,true,,,,,2026-02-20T18:30:00.000Z,2026-02-21T18:29:59.000Z,,,PLC,,,,,,,
69bbe0d813f1f60c57a42067,SC 42-4_Position,BOOLEAN,0,boolean,PLC_A,69bbdbaa5bb2c1f6ff9ce3a9,,,true,,,,,2026-02-20T18:30:00.000Z,2026-02-21T18:29:59.000Z,,,PLC,,,,,,,
69bbe0d813f1f60c57a42068,SC 42-4_CabinType,STRING,,,PLC_A,69bbdbaa5bb2c1f6ff9ce3a9,,,true,,,,,2026-02-20T18:30:00.000Z,2026-02-21T18:29:59.000Z,,,PLC,,,,,,,
69bbe0d813f1f60c57a42069,SC 42-4_CabinNumber,STRING,,,PLC_A,69bbdbaa5bb2c1f6ff9ce3a9,,,true,,,,,2026-02-20T18:30:00.000Z,2026-02-21T18:29:59.000Z,,,PLC,,,,,,,
69bbe0d813f1f60c57a4206a,SC 42-4_SkidNumber,STRING,,,PLC_A,69bbdbaa5bb2c1f6ff9ce3a9,,,true,,,,,2026-02-20T18:30:00.000Z,2026-02-21T18:29:59.000Z,,,PLC,,,,,,,
69bbe0d813f1f60c57a4206b,SC 42-5_Position,BOOLEAN,0,boolean,PLC_A,69bbdbe55bb2c1f6ff9cea82,,,true,,,,,2026-02-20T18:30:00.000Z,2026-02-21T18:29:59.000Z,,,PLC,,,,,,,
69bbe0d813f1f60c57a4206c,SC 42-5_CabinType,STRING,,,PLC_A,69bbdbe55bb2c1f6ff9cea82,,,true,,,,,2026-02-20T18:30:00.000Z,2026-02-21T18:29:59.000Z,,,PLC,,,,,,,
69bbe0d813f1f60c57a4206d,SC 42-5_CabinNumber,STRING,,,PLC_A,69bbdbe55bb2c1f6ff9cea82,,,true,,,,,2026-02-20T18:30:00.000Z,2026-02-21T18:29:59.000Z,,,PLC,,,,,,,
69bbe0d813f1f60c57a4206e,SC 42-5_SkidNumber,STRING,,,PLC_A,69bbdbe55bb2c1f6ff9cea82,,,true,,,,,2026-02-20T18:30:00.000Z,2026-02-21T18:29:59.000Z,,,PLC,,,,,,,
69bbe0d813f1f60c57a4206f,SC 42-6_Position,BOOLEAN,0,boolean,PLC_A,69bbdc275bb2c1f6ff9cf1d2,,,true,,,,,2026-02-20T18:30:00.000Z,2026-02-21T18:29:59.000Z,,,PLC,,,,,,,
69bbe0d813f1f60c57a42070,SC 42-6_CabinType,STRING,,,PLC_A,69bbdc275bb2c1f6ff9cf1d2,,,true,,,,,2026-02-20T18:30:00.000Z,2026-02-21T18:29:59.000Z,,,PLC,,,,,,,
69bbe0d813f1f60c57a42071,SC 42-6_CabinNumber,STRING,,,PLC_A,69bbdc275bb2c1f6ff9cf1d2,,,true,,,,,2026-02-20T18:30:00.000Z,2026-02-21T18:29:59.000Z,,,PLC,,,,,,,
69bbe0d813f1f60c57a42072,SC 42-6_SkidNumber,STRING,,,PLC_A,69bbdc275bb2c1f6ff9cf1d2,,,true,,,,,2026-02-20T18:30:00.000Z,2026-02-21T18:29:59.000Z,,,PLC,,,,,,,
69bbe0d813f1f60c57a42073,RB-43_Position,BOOLEAN,0,boolean,PLC_A,69bbdc715bb2c1f6ff9cfa51,,,true,,,,,2026-02-20T18:30:00.000Z,2026-02-21T18:29:59.000Z,,,PLC,,,,,,,
69bbe0d813f1f60c57a42074,RB-43_CabinType,STRING,,,PLC_A,69bbdc715bb2c1f6ff9cfa51,,,true,,,,,2026-02-20T18:30:00.000Z,2026-02-21T18:29:59.000Z,,,PLC,,,,,,,
69bbe0d813f1f60c57a42075,RB-43_CabinNumber,STRING,,,PLC_A,69bbdc715bb2c1f6ff9cfa51,,,true,,,,,2026-02-20T18:30:00.000Z,2026-02-21T18:29:59.000Z,,,PLC,,,,,,,
69bbe0d813f1f60c57a42076,RB-43_SkidNumber,STRING,,,PLC_A,69bbdc715bb2c1f6ff9cfa51,,,true,,,,,2026-02-20T18:30:00.000Z,2026-02-21T18:29:59.000Z,,,PLC,,,,,,,
69bbe0d813f1f60c57a42077,EL-44_Position,BOOLEAN,0,boolean,PLC_A,69bbdca65bb2c1f6ff9d0014,,,true,,,,,2026-02-20T18:30:00.000Z,2026-02-21T18:29:59.000Z,,,PLC,,,,,,,
69bbe0d813f1f60c57a42078,EL-44_CabinType,STRING,,,PLC_A,69bbdca65bb2c1f6ff9d0014,,,true,,,,,2026-02-20T18:30:00.000Z,2026-02-21T18:29:59.000Z,,,PLC,,,,,,,
69bbe0d813f1f60c57a42079,EL-44_CabinNumber,STRING,,,PLC_A,69bbdca65bb2c1f6ff9d0014,,,true,,,,,2026-02-20T18:30:00.000Z,2026-02-21T18:29:59.000Z,,,PLC,,,,,,,
69bbe0d913f1f60c57a4207a,EL-44_SkidNumber,STRING,,,PLC_A,69bbdca65bb2c1f6ff9d0014,,,true,,,,,2026-02-20T18:30:00.000Z,2026-02-21T18:29:59.000Z,,,PLC,,,,,,,
69bbe0d913f1f60c57a4207b,RB-45_Position,BOOLEAN,0,boolean,PLC_A,69bbdd4f5bb2c1f6ff9d12fd,,,true,,,,,2026-02-20T18:30:00.000Z,2026-02-21T18:29:59.000Z,,,PLC,,,,,,,
69bbe0d913f1f60c57a4207c,RB-45_CabinType,STRING,,,PLC_A,69bbdd4f5bb2c1f6ff9d12fd,,,true,,,,,2026-02-20T18:30:00.000Z,2026-02-21T18:29:59.000Z,,,PLC,,,,,,,
69bbe0d913f1f60c57a4207d,RB-45_CabinNumber,STRING,,,PLC_A,69bbdd4f5bb2c1f6ff9d12fd,,,true,,,,,2026-02-20T18:30:00.000Z,2026-02-21T18:29:59.000Z,,,PLC,,,,,,,
69bbe0d913f1f60c57a4207e,RB-45_SkidNumber,STRING,,,PLC_A,69bbdd4f5bb2c1f6ff9d12fd,,,true,,,,,2026-02-20T18:30:00.000Z,2026-02-21T18:29:59.000Z,,,PLC,,,,,,,
69bbe0d913f1f60c57a4207f,RB 46-1_Position,BOOLEAN,0,boolean,PLC_A,69bbddac5bb2c1f6ff9d1d2b,,,true,,,,,2026-02-20T18:30:00.000Z,2026-02-21T18:29:59.000Z,,,PLC,,,,,,,
69bbe0d913f1f60c57a42080,RB 46-1_CabinType,STRING,,,PLC_A,69bbddac5bb2c1f6ff9d1d2b,,,true,,,,,2026-02-20T18:30:00.000Z,2026-02-21T18:29:59.000Z,,,PLC,,,,,,,
69bbe0d913f1f60c57a42081,RB 46-1_CabinNumber,STRING,,,PLC_A,69bbddac5bb2c1f6ff9d1d2b,,,true,,,,,2026-02-20T18:30:00.000Z,2026-02-21T18:29:59.000Z,,,PLC,,,,,,,
69bbe0d913f1f60c57a42082,RB 46-1_SkidNumber,STRING,,,PLC_A,69bbddac5bb2c1f6ff9d1d2b,,,true,,,,,2026-02-20T18:30:00.000Z,2026-02-21T18:29:59.000Z,,,PLC,,,,,,,
69bbe0d913f1f60c57a42083,RB 46-2_Position,BOOLEAN,0,boolean,PLC_A,69bbde135bb2c1f6ff9d286a,,,true,,,,,2026-02-20T18:30:00.000Z,2026-02-21T18:29:59.000Z,,,PLC,,,,,,,
69bbe0d913f1f60c57a42084,RB 46-2_CabinType,STRING,,,PLC_A,69bbde135bb2c1f6ff9d286a,,,true,,,,,2026-02-20T18:30:00.000Z,2026-02-21T18:29:59.000Z,,,PLC,,,,,,,
69bbe0d913f1f60c57a42085,RB 46-2_CabinNumber,STRING,,,PLC_A,69bbde135bb2c1f6ff9d286a,,,true,,,,,2026-02-20T18:30:00.000Z,2026-02-21T18:29:59.000Z,,,PLC,,,,,,,
69bbe0d913f1f60c57a42086,RB 46-2_SkidNumber,STRING,,,PLC_A,69bbde135bb2c1f6ff9d286a,,,true,,,,,2026-02-20T18:30:00.000Z,2026-02-21T18:29:59.000Z,,,PLC,,,,,,,
69bbe0d913f1f60c57a42087,RB 46-3_Position,BOOLEAN,0,boolean,PLC_A,69bbde515bb2c1f6ff9d2f2d,,,true,,,,,2026-02-20T18:30:00.000Z,2026-02-21T18:29:59.000Z,,,PLC,,,,,,,
69bbe0d913f1f60c57a42088,RB 46-3_CabinType,STRING,,,PLC_A,69bbde515bb2c1f6ff9d2f2d,,,true,,,,,2026-02-20T18:30:00.000Z,2026-02-21T18:29:59.000Z,,,PLC,,,,,,,
69bbe0d913f1f60c57a42089,RB 46-3_CabinNumber,STRING,,,PLC_A,69bbde515bb2c1f6ff9d2f2d,,,true,,,,,2026-02-20T18:30:00.000Z,2026-02-21T18:29:59.000Z,,,PLC,,,,,,,
69bbe0d913f1f60c57a4208a,RB 46-3_SkidNumber,STRING,,,PLC_A,69bbde515bb2c1f6ff9d2f2d,,,true,,,,,2026-02-20T18:30:00.000Z,2026-02-21T18:29:59.000Z,,,PLC,,,,,,,
69bbe0d913f1f60c57a4208b,RB 46-4_Position,BOOLEAN,0,boolean,PLC_A,69bbde925bb2c1f6ff9d36fe,,,true,,,,,2026-02-20T18:30:00.000Z,2026-02-21T18:29:59.000Z,,,PLC,,,,,,,
69bbe0d913f1f60c57a4208c,RB 46-4_CabinType,STRING,,,PLC_A,69bbde925bb2c1f6ff9d36fe,,,true,,,,,2026-02-20T18:30:00.000Z,2026-02-21T18:29:59.000Z,,,PLC,,,,,,,
69bbe0d913f1f60c57a4208d,RB 46-4_CabinNumber,STRING,,,PLC_A,69bbde925bb2c1f6ff9d36fe,,,true,,,,,2026-02-20T18:30:00.000Z,2026-02-21T18:29:59.000Z,,,PLC,,,,,,,
69bbe0d913f1f60c57a4208e,RB 46-4_SkidNumber,STRING,,,PLC_A,69bbde925bb2c1f6ff9d36fe,,,true,,,,,2026-02-20T18:30:00.000Z,2026-02-21T18:29:59.000Z,,,PLC,,,,,,,
69bbe0d913f1f60c57a4208f,RB 46-5_Position,BOOLEAN,0,boolean,PLC_A,69bbdede5bb2c1f6ff9d3f5b,,,true,,,,,2026-02-20T18:30:00.000Z,2026-02-21T18:29:59.000Z,,,PLC,,,,,,,
69bbe0d913f1f60c57a42090,RB 46-5_CabinType,STRING,,,PLC_A,69bbdede5bb2c1f6ff9d3f5b,,,true,,,,,2026-02-20T18:30:00.000Z,2026-02-21T18:29:59.000Z,,,PLC,,,,,,,
69bbe0d913f1f60c57a42091,RB 46-5_CabinNumber,STRING,,,PLC_A,69bbdede5bb2c1f6ff9d3f5b,,,true,,,,,2026-02-20T18:30:00.000Z,2026-02-21T18:29:59.000Z,,,PLC,,,,,,,
69bbe0d913f1f60c57a42092,RB 46-5_SkidNumber,STRING,,,PLC_A,69bbdede5bb2c1f6ff9d3f5b,,,true,,,,,2026-02-20T18:30:00.000Z,2026-02-21T18:29:59.000Z,,,PLC,,,,,,,
69bbe0d913f1f60c57a42093,RB 46-6_Position,BOOLEAN,0,boolean,PLC_A,69bbdf275bb2c1f6ff9d4730,,,true,,,,,2026-02-20T18:30:00.000Z,2026-02-21T18:29:59.000Z,,,PLC,,,,,,,
69bbe0d913f1f60c57a42094,RB 46-6_CabinType,STRING,,,PLC_A,69bbdf275bb2c1f6ff9d4730,,,true,,,,,2026-02-20T18:30:00.000Z,2026-02-21T18:29:59.000Z,,,PLC,,,,,,,
69bbe0d913f1f60c57a42095,RB 46-6_CabinNumber,STRING,,,PLC_A,69bbdf275bb2c1f6ff9d4730,,,true,,,,,2026-02-20T18:30:00.000Z,2026-02-21T18:29:59.000Z,,,PLC,,,,,,,
69bbe0d913f1f60c57a42096,RB 46-6_SkidNumber,STRING,,,PLC_A,69bbdf275bb2c1f6ff9d4730,,,true,,,,,2026-02-20T18:30:00.000Z,2026-02-21T18:29:59.000Z,,,PLC,,,,,,,
69bbe0d913f1f60c57a42097,RB 47_Position,BOOLEAN,0,boolean,PLC_A,69bbdf605bb2c1f6ff9d6e6e,,,true,,,,,2026-02-20T18:30:00.000Z,2026-02-21T18:29:59.000Z,,,PLC,,,,,,,
69bbe0d913f1f60c57a42098,RB 47_CabinType,STRING,,,PLC_A,69bbdf605bb2c1f6ff9d6e6e,,,true,,,,,2026-02-20T18:30:00.000Z,2026-02-21T18:29:59.000Z,,,PLC,,,,,,,
69bbe0d913f1f60c57a42099,RB 47_CabinNumber,STRING,,,PLC_A,69bbdf605bb2c1f6ff9d6e6e,,,true,,,,,2026-02-20T18:30:00.000Z,2026-02-21T18:29:59.000Z,,,PLC,,,,,,,
69bbe0d913f1f60c57a4209a,RB 47_SkidNumber,STRING,,,PLC_A,69bbdf605bb2c1f6ff9d6e6e,,,true,,,,,2026-02-20T18:30:00.000Z,2026-02-21T18:29:59.000Z,,,PLC,,,,,,,
69c27c8a553da24f123e689f,Solids content ED Bath,REAL,22.6363,%,DEFAULT_PLC,,,,true,22,24,true,,2026-03-24T17:29:06.547Z,2026-02-21T18:29:59.000Z,,1,,,,,,,,
69c27c8d553da24f123fba20,Ash Content ED Bath,REAL,22.2427,-,DEFAULT_PLC,,,,true,20,24,true,,2026-03-24T17:29:06.547Z,2026-02-21T18:29:59.000Z,,1,,,,,,,,
69c27c8f553da24f12410ba1,PH ED Bath,REAL,5.7754,-,DEFAULT_PLC,,,,true,5.5,6.1,true,,2026-03-24T17:29:06.547Z,2026-02-21T18:29:59.000Z,,1,,,,,,,,
69c27c92553da24f12425d22,Conductivity ED Bath,REAL,1618.6475,µS/cm,DEFAULT_PLC,,,,true,1200,2400,true,,2026-03-24T17:29:06.547Z,2026-02-21T18:29:59.000Z,,1,,,,,,,,
69c27c94553da24f1243aea3,MEQ ED Bath,REAL,30.0188,mmol,DEFAULT_PLC,,,,true,23,31,true,,2026-03-24T17:29:06.547Z,2026-02-21T18:29:59.000Z,,1,,,,,,,,
69c27c96553da24f12450024,Bath Level ED Bath,REAL,218.1404,cm,DEFAULT_PLC,,,,true,200,240,true,,2026-03-24T17:29:06.547Z,2026-02-21T18:29:59.000Z,,1,,,,,,,,
69c27c98553da24f124651a5,Bath Temperature ED Bath,REAL,31.5873,°C,DEFAULT_PLC,,,,true,30,32,true,,2026-03-24T17:29:06.547Z,2026-02-21T18:29:59.000Z,,1,,,,,,,,
69c27c9a553da24f1247a326,Circulation pressure Bottom 1 ED Bath,REAL,1.7898,bar,DEFAULT_PLC,,,,true,1.6,2,true,,2026-03-24T17:29:06.547Z,2026-02-21T18:29:59.000Z,,1,,,,,,,,
69c27c9d553da24f1248f4a7,Circulation pressure Bottom 2 ED Bath,REAL,1.7631,bar,DEFAULT_PLC,,,,true,1.6,2,true,,2026-03-24T17:29:06.547Z,2026-02-21T18:29:59.000Z,,1,,,,,,,,
69c27ca0553da24f124a4628,Circulation pressure Bottom 3 ED Bath,REAL,1.8058,bar,DEFAULT_PLC,,,,true,1.6,2,true,,2026-03-24T17:29:06.547Z,2026-02-21T18:29:59.000Z,,1,,,,,,,,
69c27ca2553da24f124b97a9,Circulation pressure Bottom 4 ED Bath,REAL,1.6884,bar,DEFAULT_PLC,,,,true,1.6,2,true,,2026-03-24T17:29:06.547Z,2026-02-21T18:29:59.000Z,,1,,,,,,,,
69c27ca5553da24f124ce92a,Circulation pressure Inlet Wall ED Bath,REAL,1.9938,bar,DEFAULT_PLC,,,,true,1.8,2.2,true,,2026-03-24T17:29:06.547Z,2026-02-21T18:29:59.000Z,,1,,,,,,,,
69c27ca8553da24f124e3aab,Circulation pressure Sub Tank ED Bath,REAL,0.7586,bar,DEFAULT_PLC,,,,true,0.5,0.9,true,,2026-03-24T17:29:06.547Z,2026-02-21T18:29:59.000Z,,1,,,,,,,,
69c27cab553da24f124f8c2c,Circulation pressure RH ED Bath,REAL,0.9897,bar,DEFAULT_PLC,,,,true,0.8,1.2,true,,2026-03-24T17:29:06.547Z,2026-02-21T18:29:59.000Z,,1,,,,,,,,
69c27cae553da24f1250ddad,Circulation pressure LH ED Bath,REAL,0.9918,bar,DEFAULT_PLC,,,,true,0.8,1.2,true,,2026-03-24T17:29:06.547Z,2026-02-21T18:29:59.000Z,,1,,,,,,,,
69c27cb0553da24f12522f2e,Exit Spray Flow ED Bath,REAL,130.1031,LPM,DEFAULT_PLC,,,,true,120,140,true,,2026-03-24T17:29:06.547Z,2026-02-21T18:29:59.000Z,,1,,,,,,,,
69c27cb3553da24f125380af,Paint Filter 1 DP ED Bath,REAL,0.2052,bar,DEFAULT_PLC,,,,true,0.1,0.8,true,,2026-03-24T17:29:06.547Z,2026-02-21T18:29:59.000Z,,1,,,,,,,,
69c27cb5553da24f1254d230,Paint Filter 2 DP ED Bath,REAL,0.3108,bar,DEFAULT_PLC,,,,true,0.1,0.8,true,,2026-03-24T17:29:06.547Z,2026-02-21T18:29:59.000Z,,1,,,,,,,,
69c27cb8553da24f125623b1,Heat Exchanger DP ED Bath,REAL,0.126,bar,DEFAULT_PLC,,,,true,0.1,0.2,true,,2026-03-24T17:29:06.547Z,2026-02-21T18:29:59.000Z,,1,,,,,,,,
69c27cbb553da24f12577532,DI Water Spray Flow After DI Spray,REAL,93.5228,LPM,DEFAULT_PLC,,,,true,80,120,true,,2026-03-24T17:29:06.547Z,2026-02-21T18:29:59.000Z,,1,,,,,,,,
69c27cbd553da24f1258c6b3,Conductivity Anolyte,REAL,761.9491,µS/cm,DEFAULT_PLC,,,,true,500,1000,true,,2026-03-24T17:29:06.547Z,2026-02-21T18:29:59.000Z,,1,,,,,,,,
69c27cc0553da24f125a1834,Flow Total Anolyte,REAL,73.9557,LPM,DEFAULT_PLC,,,,true,60,90,true,,2026-03-24T17:29:06.547Z,2026-02-21T18:29:59.000Z,,1,,,,,,,,
69c27cc3553da24f125b69b5,Flow Individual Cell Anolyte,REAL,2.3307,LPM,DEFAULT_PLC,,,,true,2,3,true,,2026-03-24T17:29:06.547Z,2026-02-21T18:29:59.000Z,,1,,,,,,,,
69c27cc6553da24f125cbb36,PH UF System,REAL,5.6338,-,DEFAULT_PLC,,,,true,5.2,5.9,true,,2026-03-24T17:29:06.547Z,2026-02-21T18:29:59.000Z,,1,,,,,,,,
69c27cca553da24f125e0cb7,Inlet Pressure UF System,REAL,3.6922,bar,DEFAULT_PLC,,,,true,3.3,4.1,true,,2026-03-24T17:29:06.547Z,2026-02-21T18:29:59.000Z,,1,,,,,,,,
69c27ccd553da24f125f5e38,Back Pressure UF System,REAL,1.6346,bar,DEFAULT_PLC,,,,true,1.5,1.8,true,,2026-03-24T17:29:06.547Z,2026-02-21T18:29:59.000Z,,1,,,,,,,,
69c27cd0553da24f1260afb9,Permeate Transfer Flow UF System,REAL,7416.4296,LPH,DEFAULT_PLC,,,,true,7300,7500,true,,2026-03-24T17:29:06.547Z,2026-02-21T18:29:59.000Z,,1,,,,,,,,
69c27cd2553da24f1262013a,Bag Filter DP UF System,REAL,0.4767,bar,DEFAULT_PLC,,,,true,0.1,0.8,true,,2026-03-24T17:29:06.547Z,2026-02-21T18:29:59.000Z,,1,,,,,,,,
69c27cd4553da24f126352bb,Solids Content UF Rinse 1,REAL,0.1454,%,DEFAULT_PLC,,,,true,0.1,0.2,true,,2026-03-24T17:29:06.547Z,2026-02-21T18:29:59.000Z,,1,,,,,,,,
69c27cd8553da24f1264a43c,PH UF Rinse 1,REAL,5.5459,-,DEFAULT_PLC,,,,true,5.2,5.9,true,,2026-03-24T17:29:06.547Z,2026-02-21T18:29:59.000Z,,1,,,,,,,,
69c27cdb553da24f1265f5bd,Spray Pressure Bottom UF Rinse 1,REAL,1.0044,bar,DEFAULT_PLC,,,,true,0.9,1.1,true,,2026-03-24T17:29:06.547Z,2026-02-21T18:29:59.000Z,,1,,,,,,,,
69c27cdd553da24f1267473e,Spray Pressure Side 1 UF Rinse 1,REAL,1.0532,bar,DEFAULT_PLC,,,,true,0.9,1.1,true,,2026-03-24T17:29:06.547Z,2026-02-21T18:29:59.000Z,,1,,,,,,,,
69c27ce0553da24f126898bf,Spray Pressure Side 2 UF Rinse 1,REAL,1.0074,bar,DEFAULT_PLC,,,,true,0.9,1.1,true,,2026-03-24T17:29:06.547Z,2026-02-21T18:29:59.000Z,,1,,,,,,,,
69c27ce2553da24f1269ea40,Spray Pressure Side 3 UF Rinse 1,REAL,1.4803,bar,DEFAULT_PLC,,,,true,1.4,1.6,true,,2026-03-24T17:29:06.547Z,2026-02-21T18:29:59.000Z,,1,,,,,,,,
69c27ce4553da24f126b3bc1,Spray Pressure Side 4 UF Rinse 1,REAL,0.9755,bar,DEFAULT_PLC,,,,true,0.9,1.1,true,,2026-03-24T17:29:06.547Z,2026-02-21T18:29:59.000Z,,1,,,,,,,,
69c27ce6553da24f126c8d42,Bag Filter DP UF Rinse 1,REAL,0.4875,bar,DEFAULT_PLC,,,,true,0.1,0.8,true,,2026-03-24T17:29:06.547Z,2026-02-21T18:29:59.000Z,,1,,,,,,,,
69c27ce9553da24f126ddec3,Solids Content UF Rinse 2,REAL,1.3746,%,DEFAULT_PLC,,,,true,1,2,true,,2026-03-24T17:29:06.547Z,2026-02-21T18:29:59.000Z,,1,,,,,,,,
69c27ceb553da24f126f3044,PH UF Rinse 2,REAL,5.6093,-,DEFAULT_PLC,,,,true,5.2,5.9,true,,2026-03-24T17:29:06.547Z,2026-02-21T18:29:59.000Z,,1,,,,,,,,
69c27ced553da24f127081c5,Circulation Pressure Bottom 1 UF Rinse 2,REAL,1.4933,bar,DEFAULT_PLC,,,,true,1.3,1.7,true,,2026-03-24T17:29:06.547Z,2026-02-21T18:29:59.000Z,,1,,,,,,,,
69c27cef553da24f1271d346,Circulation Pressure Bottom 2 UF Rinse 2,REAL,1.5579,bar,DEFAULT_PLC,,,,true,1.3,1.7,true,,2026-03-24T17:29:06.547Z,2026-02-21T18:29:59.000Z,,1,,,,,,,,
69c27cf2553da24f127324c7,Circulation Pressure Bottom 3 UF Rinse 2,REAL,1.5482,bar,DEFAULT_PLC,,,,true,1.3,1.7,true,,2026-03-24T17:29:06.547Z,2026-02-21T18:29:59.000Z,,1,,,,,,,,
69c27cf5553da24f12747648,Exit Spray Flow UF Rinse 2,REAL,126.8415,LPM,DEFAULT_PLC,,,,true,120,140,true,,2026-03-24T17:29:06.547Z,2026-02-21T18:29:59.000Z,,1,,,,,,,,
69c27cf7553da24f1275c7c9,Bag Filter DP UF Rinse 2,REAL,0.3203,bar,DEFAULT_PLC,,,,true,0.1,0.8,true,,2026-03-24T17:29:06.547Z,2026-02-21T18:29:59.000Z,,1,,,,,,,,
69c27cfa553da24f1277194a,RCDI Water Spray Flow,REAL,175.1816,LPM,DEFAULT_PLC,,,,true,150,220,true,,2026-03-24T17:29:06.547Z,2026-02-21T18:29:59.000Z,,1,,,,,,,,
69c27cfd553da24f12786acb,Conductivity RCDI,REAL,84.8465,µS/cm,DEFAULT_PLC,,,,true,80,100,true,,2026-03-24T17:29:06.547Z,2026-02-21T18:29:59.000Z,,1,,,,,,,,
69c27d00553da24f1279bc4c,Flux Rate UF System,REAL,1979.921,LPH,DEFAULT_PLC,,,,true,1950,2005,true,,2026-03-24T17:29:06.547Z,2026-02-21T18:29:59.000Z,,1,,,,,,,,
69c27d02553da24f127b0dcd,Flux Rate Module Any 4 out of 5 UF System,REAL,509.7525,LPH,DEFAULT_PLC,,,,true,500,520,true,,2026-03-24T17:29:06.547Z,2026-02-21T18:29:59.000Z,,1,,,,,,,,
