Cabin Number,Cabin Type,Skid Number,Hanger Number,Stage Name,Stage Index,Entry Time (UTC),Exit Time (UTC),Duration (Seconds),Duration (Formatted)
"296227","H1S1","1079","HA11","LOADING",1,"2026-08-12T02:11:12.596Z","2026-08-13T07:42:01.566Z",106249,"29h 30m 49s"
"296227","H1S1","1079","HA11","PRE DEGREASE",2,"2026-08-13T07:42:01.566Z","2026-08-13T07:45:48.453Z",227,"3m 47s"
"296227","H1S1","1079","HA11","SEC 3  (Mist)",3,"2026-08-13T07:45:48.453Z","2026-08-13T07:46:10.070Z",22,"22s"
"296227","H1S1","1079","HA11","DEGREASING DIP",4,"2026-08-13T07:46:10.070Z","2026-08-13T07:50:50.828Z",281,"4m 41s"
"296227","H1S1","1079","HA11","SEC 5",5,"2026-08-13T07:50:50.828Z","2026-08-13T07:51:12.409Z",22,"22s"
"296227","H1S1","1079","HA11","WATER RINSE 1&2",6,"2026-08-13T07:51:12.409Z","2026-08-13T07:54:26.806Z",194,"3m 14s"
"296227","H1S1","1079","HA11","ACTIVATION",7,"2026-08-13T07:54:26.806Z","2026-08-13T07:57:30.500Z",184,"3m 4s"
"296227","H1S1","1079","HA11","PHOSPATING",8,"2026-08-13T07:57:30.500Z","2026-08-13T08:02:24.637Z",294,"4m 54s"
"296227","H1S1","1079","HA11","SEC 9",9,"2026-08-13T08:02:24.637Z","2026-08-13T08:02:35.446Z",11,"11s"
"296227","H1S1","1079","HA11","WATER RINSE 3&4",10,"2026-08-13T08:02:35.446Z","2026-08-13T08:05:49.894Z",194,"3m 14s"
"296227","H1S1","1079","HA11","WATER RINSE 5",11,"2026-08-13T08:05:49.894Z","2026-08-13T08:09:04.130Z",194,"3m 14s"
"296227","H1S1","1079","HA11","DA WATER SPRAY",12,"2026-08-13T08:09:04.130Z","2026-08-13T08:09:21.641Z",18,"18s"
"296227","H1S1","1079","HA11","SEC 12 A",13,"2026-08-13T08:09:21.641Z","2026-08-13T08:09:43.210Z",22,"22s"
"296227","H1S1","1079","HA11","SEC 13",14,"2026-08-13T08:09:43.210Z","2026-08-13T08:10:48.093Z",65,"1m 5s"
"296227","H1S1","1079","HA11","SEC 14",15,"2026-08-13T08:10:48.093Z","2026-08-13T08:15:29.007Z",281,"4m 41s"
"296227","H1S1","1079","HA11","E COAT",16,"2026-08-13T08:15:29.007Z","2026-08-13T08:20:31.473Z",302,"5m 2s"
"296227","H1S1","1079","HA11","SEC 16",17,"2026-08-13T08:20:31.473Z","2026-08-13T08:20:42.291Z",11,"11s"
"296227","H1S1","1079","HA11","UF RINSE-1 (SPRAY)",18,"2026-08-13T08:20:42.291Z","2026-08-13T08:22:41.048Z",119,"1m 59s"
"296227","H1S1","1079","HA11","UF RINSE-2 (DIP)",19,"2026-08-13T08:22:41.048Z","2026-08-13T08:25:44.575Z",184,"3m 4s"
"296227","H1S1","1079","HA11","SEC 19",20,"2026-08-13T08:25:44.575Z","2026-08-13T08:27:10.902Z",86,"1m 26s"
"296227","H1S1","1079","HA11","RCDI WATER SPRAY",21,"2026-08-13T08:27:10.902Z","2026-08-13T08:27:32.544Z",22,"22s"
"296227","H1S1","1079","HA11","SEC 21",22,"2026-08-13T08:27:32.544Z","2026-08-13T08:28:48.112Z",76,"1m 16s"
"296227","H1S1","1079","HA11","SEC 22",23,"2026-08-13T08:28:48.112Z","2026-08-13T08:29:31.329Z",43,"43s"
"296240","H1S1","1010","HA08","LOADING",1,"2026-08-12T02:16:22.573Z","2026-08-13T07:31:56.805Z",105334,"29h 15m 34s"
"296240","H1S1","1010","HA08","PRE DEGREASE",2,"2026-08-13T07:31:56.805Z","2026-08-13T07:35:43.589Z",227,"3m 47s"
"296240","H1S1","1010","HA08","SEC 3  (Mist)",3,"2026-08-13T07:35:43.589Z","2026-08-13T07:36:05.175Z",22,"22s"
"296240","H1S1","1010","HA08","DEGREASING DIP",4,"2026-08-13T07:36:05.175Z","2026-08-13T07:40:56.749Z",292,"4m 52s"
"296240","H1S1","1010","HA08","SEC 5",5,"2026-08-13T07:40:56.749Z","2026-08-13T07:41:07.538Z",11,"11s"
"296240","H1S1","1010","HA08","WATER RINSE 1&2",6,"2026-08-13T07:41:07.538Z","2026-08-13T07:44:22.096Z",195,"3m 15s"
"296240","H1S1","1010","HA08","ACTIVATION",7,"2026-08-13T07:44:22.096Z","2026-08-13T07:47:14.820Z",173,"2m 53s"
"296240","H1S1","1010","HA08","PHOSPATING",8,"2026-08-13T07:47:14.820Z","2026-08-13T07:52:17.159Z",302,"5m 2s"
"296240","H1S1","1010","HA08","SEC 9",9,"2026-08-13T07:52:17.159Z","2026-08-13T07:52:27.994Z",11,"11s"
"296240","H1S1","1010","HA08","WATER RINSE 3&4",10,"2026-08-13T07:52:27.994Z","2026-08-13T07:55:42.474Z",194,"3m 14s"
"296240","H1S1","1010","HA08","WATER RINSE 5",11,"2026-08-13T07:55:42.474Z","2026-08-13T07:58:56.861Z",194,"3m 14s"
"296240","H1S1","1010","HA08","DA WATER SPRAY",12,"2026-08-13T07:58:56.861Z","2026-08-13T07:59:18.429Z",22,"22s"
"296240","H1S1","1010","HA08","SEC 12 A",13,"2026-08-13T07:59:18.429Z","2026-08-13T07:59:39.952Z",22,"22s"
"296240","H1S1","1010","HA08","SEC 13",14,"2026-08-13T07:59:39.952Z","2026-08-13T08:00:25.794Z",46,"46s"
"296240","H1S1","1010","HA08","SEC 14",15,"2026-08-13T08:00:25.794Z","2026-08-13T08:05:06.637Z",281,"4m 41s"
"296240","H1S1","1010","HA08","E COAT",16,"2026-08-13T08:05:06.637Z","2026-08-13T08:10:04.866Z",298,"4m 58s"
"296240","H1S1","1010","HA08","SEC 16",17,"2026-08-13T08:10:04.866Z","2026-08-13T08:10:26.512Z",22,"22s"
"296240","H1S1","1010","HA08","UF RINSE-1 (SPRAY)",18,"2026-08-13T08:10:26.512Z","2026-08-13T08:12:14.464Z",108,"1m 48s"
"296240","H1S1","1010","HA08","UF RINSE-2 (DIP)",19,"2026-08-13T08:12:14.464Z","2026-08-13T08:15:18.179Z",184,"3m 4s"
"296240","H1S1","1010","HA08","SEC 19",20,"2026-08-13T08:15:18.179Z","2026-08-13T08:16:44.597Z",86,"1m 26s"
"296240","H1S1","1010","HA08","RCDI WATER SPRAY",21,"2026-08-13T08:16:44.597Z","2026-08-13T08:17:06.183Z",22,"22s"
"296240","H1S1","1010","HA08","SEC 21",22,"2026-08-13T08:17:06.183Z","2026-08-13T08:18:32.617Z",86,"1m 26s"
"296240","H1S1","1010","HA08","SEC 22",23,"2026-08-13T08:18:32.617Z","2026-08-13T08:19:15.833Z",43,"43s"